id,start_date,end_date,CityMD_14th_St,CityMD_23rd_St,CityMD_37th_St,CityMD_57th_St,CityMD_67th_St,CityMD_86th_St,CityMD_88th_St,CityMD_Astoria,CityMD_Bayridge,CityMD_Boerum_Hill,CityMD_Forest_Hills,CityMD_Lake_Grove,CityMD_Long_Beach,CityMD_Massapequa,CityMD_Merrick,PC_Park_Slope,CityMD_Yonkers,Palisades,PC_Bellmore,PC_Carle_Place,PC_Commack,PC_East_Meadow,PC_Great_Neck,PC_Levittown,PC_Lindenhurst,PC_Lynbrook,PC_Maspeth,PC_Mineola,PC_Syosset
1,2013-12-27,2014-01-02,868.7047676,852.8797182,396.8770785,753.1652867,560.3452001,1121.153675,1004.527156,223.8981452,,204.3897796,,,148.7,,,712.8587906,,706.2171428,763.3141061,309.4036924,402.5070511,267.2545821,347.2375361,836.3655233,647.4503094,818.2634107,466.746711,386.5939325,304.9689552
2,2014-01-03,2014-01-09,874.7721155,855.5915284,402.122097,756.1839507,562.4954408,1123.893449,1009.134732,241.8188915,,219.4334348,,,163.8267619,,,716.4201393,,711.1402703,765.1811279,311.6537697,404.4258841,269.4251368,349.1486932,837.6828347,649.6398028,820.0548943,468.5556262,388.7560322,306.0314395
3,2014-01-10,2014-01-16,880.7579814,858.280821,407.1620781,759.186464,564.6181862,1126.622786,1013.722204,255.3971767,,231.8606111,,,173.378998,,,719.9541473,,716.0141103,767.0340707,313.852307,406.320829,271.4801142,351.0458221,838.9966613,651.8228165,821.8453004,470.3582228,390.8763884,307.0724938
4,2014-01-17,2014-01-23,886.6650569,860.9480356,412.0147141,762.1730613,566.7142302,1129.341789,1018.289837,266.4521958,,242.5350169,,,180.4923195,,,723.4613625,,720.8399655,768.8731786,316.0019501,408.1925805,273.4319517,352.9292015,840.3070268,653.9994103,823.6346328,472.1545688,392.9567963,308.0930337
5,2014-01-24,2014-01-30,892.495894,863.5935985,416.6954136,765.1439719,568.7843314,1132.050562,1022.837889,275.8390968,,251.9425985,,,186.2102099,,,726.9423149,,725.6190835,770.6986888,318.1051378,410.0418021,275.2911449,354.7991009,841.6139547,656.1696431,825.422895,473.944731,394.9989335,309.0939164
6,2014-01-31,2014-02-06,898.252915,866.2179231,421.217685,768.0994196,570.829215,1134.749205,1027.366614,284.0331417,,260.3862675,,,191.0162731,,,730.397518,,730.3526601,772.5108326,320.1641237,411.8691278,277.0666359,356.6557815,842.9174685,658.3335726,827.2100906,475.7287748,397.0043699,310.0759449
7,2014-02-07,2014-02-13,903.9384211,868.8214105,425.5934426,771.0396232,572.8495753,1137.437817,1031.876258,291.3276384,,268.0686946,,45.2048,195.1763892,,,733.8274691,,735.0418418,774.309835,322.1809947,413.6751637,278.7661077,358.4994963,844.217591,660.4912561,828.9962233,477.5067646,398.9745772,311.0398729
8,2014-02-14,2014-02-20,909.5546008,871.4044501,429.8332521,773.9647963,574.8460768,1140.116496,1036.367065,297.9171826,,275.132726,,71.65791025,198.8532095,,,737.23265,,739.6877292,776.095915,324.1576873,415.4604902,280.3962121,360.3304904,845.5143452,662.6427496,830.7812966,479.2787638,400.9109368,311.9864087
9,2014-02-21,2014-02-27,915.1035372,873.9674197,433.9465306,776.8751478,576.8193566,1142.785338,1040.839272,303.9379289,,281.6831465,,93.82167758,202.1538463,,,740.613528,,744.291379,777.8692861,326.0960021,417.2256626,281.9627482,362.1490015,846.8077534,664.7881086,832.5653139,481.0448345,402.8147476,312.9162187
10,2014-02-28,2014-03-06,920.587215,876.5106862,437.9417104,779.7708819,578.7700253,1145.444439,1045.293111,309.489109,,287.7992948,,113.5909483,205.1527621,,,743.9705561,,748.8538064,779.6301562,327.9976161,418.9712135,283.470803,363.9552601,848.0978381,666.9273875,834.3482788,482.8050378,404.687232,313.8299311
11,2014-03-07,2014-03-13,926.0075267,879.0346063,441.8263741,782.652198,580.6986689,1148.09389,1049.72881,314.6454228,,293.5428095,,131.7513171,207.9039186,,,747.3041739,,753.3759877,781.378728,329.8640948,420.6976533,284.924865,365.7494896,849.3846212,669.06064,836.1301948,484.5594336,406.5295423,314.7281382
12,2014-03-14,2014-03-20,931.3662784,881.5395263,445.6073672,785.5192915,582.60585,1150.733785,1054.146592,319.4646011,,298.9626121,,148.7245901,210.4477303,,,750.6148078,,757.8588621,783.115199,331.6969009,422.4054718,286.3289151,367.5319073,850.6681246,671.187919,837.9110654,486.3080811,408.3427659,315.6113996
13,2014-03-21,2014-03-27,936.6651951,884.0257829,449.2908926,788.372353,584.4921089,1153.364213,1058.546675,323.9922439,,304.0982356,,164.7703121,212.8152868,,,753.9028719,,762.3033335,784.8397619,333.4974045,424.0951395,287.686501,369.3027237,851.9483699,673.3092768,839.690894,488.0510382,410.1279303,316.4802443
14,2014-03-28,2014-04-03,941.9059257,886.4937036,452.8825898,791.2115694,586.3579651,1155.985264,1062.929272,328.2650375,178.44,308.9821219,,180.0625151,215.0310413,,,757.1687683,,766.7102727,786.5526045,335.2668899,425.7671082,289.0007986,371.0621434,853.2253784,675.4247645,841.469684,489.788362,411.8860074,317.3351731
15,2014-04-04,2014-04-10,947.0900477,888.9436067,456.3876025,794.0371234,588.2039181,1158.597025,1067.294595,332.3129643,185.6273195,313.6412502,,194.7250554,217.1145905,,,760.4128877,,771.0805185,788.25391,337.0065634,427.4218121,290.2746625,372.8103652,854.4991712,677.534433,843.2474388,491.5201086,413.6179172,318.1766606
16,2014-04-11,2014-04-17,952.2190708,891.3758019,459.8106366,796.8491937,590.0304486,1161.199582,1071.642847,336.1608629,189.9650964,318.0983193,,208.8500349,219.0818924,,,763.6356095,,775.4148799,789.9438572,338.7175591,429.0596689,291.5106686,374.5475823,855.7697694,679.638332,845.0241618,493.2463331,415.3245324,319.0051566
17,2014-04-18,2014-04-24,957.2944416,893.7905908,463.1560087,799.6479553,591.8380192,1163.793021,1075.974231,339.8295563,193.1041344,322.3726228,,222.5082921,220.9461227,,,766.8373029,,779.714137,791.6226207,340.4009453,430.6810808,292.7111492,376.2739824,857.0371935,681.7365108,846.7998564,494.9670898,417.0066805,319.8210886
18,2014-04-25,2014-05-01,962.3175466,896.1882668,466.4276893,802.4335795,593.6270757,1166.377424,1080.288944,343.3366842,195.5746383,326.48071,,235.7557899,222.7182921,,104.125493,770.0183264,,783.979043,793.2903706,342.057729,432.2864346,293.8782233,377.9897482,858.301464,683.8290179,848.5745259,496.6824319,418.6651478,320.6248626
19,2014-05-02,2014-05-08,967.2897159,898.5691154,469.6293393,805.2062341,595.3980476,1168.952876,1084.58718,346.6973291,197.6166311,330.4368919,,248.6377123,224.4077006,,124.9250728,773.1790291,,788.2103247,794.9472733,343.6888608,433.8761033,295.0138222,379.6950571,859.5626013,685.915901,850.3481736,498.3924121,420.3006818,321.4168646
20,2014-05-09,2014-05-15,972.2122263,900.9334149,472.7643422,807.9660833,597.1513491,1171.519457,1088.869128,349.9244944,199.359736,334.2536346,,261.1912062,226.0222778,73.75746162,138.9683117,776.3197505,,792.4086847,796.5934911,345.2952393,435.4504462,296.1197109,381.3900821,860.8206253,687.9972072,852.1208028,500.097082,421.9139936,322.1974624
21,2014-05-16,2014-05-22,977.0863038,903.2814364,475.8358317,810.713288,598.8873796,1174.077247,1093.134976,353.029475,200.8821052,337.9418693,,273.4472798,227.5688419,91.42508758,149.879471,779.4408208,,796.5748016,798.2291827,346.8777146,437.0098098,297.1975072,383.0749913,862.075556,690.0729831,853.8924169,501.7964924,423.5057608,322.9670061
22,2014-05-23,2014-05-29,981.9131269,905.6134438,478.8467163,813.4480058,600.6065249,1176.626326,1097.384905,356.0221477,202.2345767,341.5112388,,285.4321564,229.0533004,103.6617772,158.9294069,782.5425618,,800.7093318,799.8545029,348.437092,438.5545285,298.2486976,384.7499485,863.3274129,692.1432744,855.6630191,503.4906932,425.076629,323.7258298
23,2014-05-30,2014-06-05,986.6938288,907.9296947,481.7997008,816.1703911,602.309157,1179.16677,1101.619095,358.911203,203.4521176,344.9702958,155.5706585,297.1682644,230.480807,113.32476,166.7279161,785.6252866,,804.81291,801.4696032,349.974135,440.0849249,299.274651,386.4151131,864.5762155,694.2081264,857.4326126,505.1797337,426.627214,324.4742521
24,2014-06-06,2014-06-12,991.4294996,910.2304397,484.6973055,818.8805952,603.9956355,1181.698658,1105.837722,361.7043297,204.5598308,348.3266649,181.0813413,308.6749757,231.8558857,121.4360512,173.6192611,788.6893001,,808.8861507,803.0746313,351.4895685,441.6013106,300.2766316,388.0706403,865.821983,696.2675835,859.2012006,506.8636624,428.1581041,325.2125773
25,2014-06-13,2014-06-19,996.1211891,912.5159236,487.5418824,821.5787664,605.666308,1184.222063,1110.040959,364.4083657,205.5763591,351.5871741,197.9017557,319.9691687,233.1825305,128.4925871,179.8186332,791.7348996,68.96392629,812.9296485,804.6697321,352.9840809,443.1039867,301.2558087,389.7166816,867.0647346,698.3216898,860.9687864,508.5425268,429.669861,325.9410962
26,2014-06-20,2014-06-26,1000.769908,914.7863851,490.3356306,824.2650501,607.3215104,1186.737062,1114.228975,367.029421,206.5159347,354.7579645,210.7752995,331.0656624,234.4642859,134.7777688,185.4703504,794.7623747,84.12563712,816.9439794,806.2550467,354.458327,444.5932441,302.2132666,391.3533843,868.304489,700.3704886,862.7353732,510.216374,431.1630219,326.6600871
27,2014-06-27,2014-07-03,1005.376631,917.0420567,493.0806095,826.9395889,608.9615675,1189.243727,1118.401937,369.5729783,207.3896739,357.844581,221.3347423,341.9775577,235.7043127,140.4702099,190.6763383,797.7720075,94.4962048,820.9297014,807.8307135,355.9129302,446.0693641,303.1500122,392.9808924,869.5412649,702.4140226,864.5009641,511.8852502,432.6381009,327.3698161
28,2014-07-04,2014-07-10,1009.942296,919.2831658,495.7787502,829.6025224,610.5867937,1191.74213,1122.560008,372.0439782,208.2064281,360.8520487,230.3539478,352.7165086,236.9054418,145.6905353,195.5114993,800.7640734,102.6206482,824.8873554,809.3968677,357.3484841,447.5326187,304.0669828,394.5993458,870.7750809,704.4523341,866.2655623,513.5492008,434.0955902,328.0705381
29,2014-07-11,2014-07-17,1014.467811,921.5099338,498.4318667,832.2539877,612.1974933,1194.232344,1126.703348,374.4468884,208.9733621,363.784937,238.2657141,363.2929402,238.0702193,150.5244537,200.0326381,803.7388407,109.4004742,828.8174658,810.9536415,358.7655549,448.9832713,304.9650521,396.2088814,872.0059552,706.4854646,868.0291709,515.2082707,435.5359613,328.7624973
30,2014-07-18,2014-07-24,1018.954049,923.7225772,501.0416652,834.8941192,613.7939608,1196.714439,1130.832116,376.7857638,209.6963589,366.6474141,245.3385124,373.7162256,239.2009437,155.0352875,204.2839511,806.6965711,115.271184,832.7205413,812.5011643,360.1646826,450.4215769,305.8450359,397.8096326,873.2339059,708.5134553,869.791793,516.862504,436.9596662,329.4459281
31,2014-07-25,2014-07-31,1023.401856,925.9213072,503.6097524,837.5230489,615.3764817,1199.188484,1134.946466,379.0642963,210.3803093,369.4432937,251.7512316,383.9948315,240.2996972,159.2712896,208.3005632,809.6375203,120.4799116,836.5970755,814.0395627,361.5463832,451.8477821,306.7076973,399.4017294,874.4589509,710.5363466,871.5534317,518.5119442,438.3671389,330.1210551
32,2014-08-01,2014-08-07,1027.812046,928.1063302,506.1376435,840.1409061,616.9453323,1201.654547,1139.046549,381.2858575,211.0293237,372.176075,257.6295066,394.1364385,241.3683727,163.2701664,212.1108936,812.5619373,125.1817853,840.4475473,815.5689606,362.9111496,453.2621263,307.5537511,400.9852989,875.6811081,712.5541785,873.3140902,520.156634,439.7587955,330.7880941
33,2014-08-08,2014-08-14,1032.185408,930.2778476,508.6267691,842.7478176,618.5007808,1204.112697,1143.132516,383.4535352,211.6468911,374.8489764,263.0652063,404.148041,242.4086959,167.0620035,215.7382904,815.4700656,129.4812114,844.2724219,817.0894793,364.2594533,454.6648411,308.3838678,402.5604651,876.9003951,714.5669906,875.0737714,521.7966156,441.135036,331.4472523
34,2014-08-15,2014-08-21,1036.522704,932.4360563,511.0784814,845.3439082,620.043087,1206.562999,1147.204514,385.570165,212.235998,377.4649662,268.1276933,414.0360319,243.422245,170.6712326,219.2021912,818.3621428,133.4521552,848.0721511,818.6012375,365.5917455,456.0561513,309.1986773,404.1273491,878.1168291,716.5748217,876.8324785,523.4319307,442.4962447,332.0987289
35,2014-08-22,2014-08-28,1040.824672,934.5811488,513.4940602,847.9293001,621.5725031,1209.00552,1151.262686,387.6383574,212.7992214,380.0267878,272.8707182,423.8062738,244.4104668,174.1179937,222.5189659,821.2384008,137.1491197,851.8471738,820.1043516,366.9084583,457.4362747,309.9987721,405.6860691,879.3304275,718.5777103,878.5902144,525.0626201,443.8427913,332.7427153
36,2014-08-29,2014-09-04,1045.092025,936.713313,515.8747177,850.5041134,623.0892736,1211.440324,1155.307174,389.6605212,213.3388007,382.5369824,277.3368416,433.4641594,245.3746914,177.4191068,225.7025417,824.0990663,140.6135398,855.5979166,821.5989353,368.210006,458.8054227,310.7847103,407.2367406,880.5412074,720.5756944,880.3469821,526.6887242,445.1750313,333.379396
37,2014-09-05,2014-09-11,1049.325453,938.8327328,518.2216037,853.0684658,624.593636,1213.867476,1159.338118,391.6388843,213.8566941,384.9979089,281.5603823,443.0146641,246.3161444,180.5887791,228.7648755,826.9443606,143.8777252,859.3247943,823.0851003,369.4967856,460.1638006,311.5570181,408.7794765,881.7491856,722.5688113,882.1027847,528.3102827,446.493307,334.0089483
38,2014-09-12,2014-09-18,1053.525625,940.9395878,520.5358095,855.6224732,626.0858209,1216.287038,1163.355654,393.5755116,214.3546242,387.4117613,285.5694467,452.46239,247.2359579,183.639132,231.7163157,829.7745002,146.9674056,863.0282102,824.5629557,370.7691782,461.5116076,312.3161923,410.3143872,882.9543789,724.5570982,883.8576252,529.9273348,447.797948,334.631543
39,2014-09-19,2014-09-25,1057.69319,943.0340539,522.8183722,858.1662491,627.566052,1218.699073,1167.359919,395.4723204,214.8341145,389.7805839,289.3873652,461.811605,248.1351794,186.5805989,234.5658838,832.5896965,149.9034376,866.7085566,826.0326086,372.0275498,462.8490369,313.0627025,411.8415803,884.1568039,726.5405915,885.6115064,531.5399191,449.089272,335.2473448
40,2014-09-26,2014-10-02,1032.167248,929.0324892,525.4040491,851.7080361,605.9739595,1209.396026,1130.93649,375.037195,215.2965191,370.8856751,293.0337321,279.3476804,287.2484799,205.7631234,238.9059119,805.1667765,152.7029856,835.0162793,807.791922,379.3645854,451.2604731,293.2548034,401.282138,829.9342351,689.1399041,811.0466653,487.0794873,384.7111769,330.1493189
41,2014-10-03,2014-10-09,1035.741521,930.9980045,527.4490754,854.1121003,607.1790225,1211.78224,1134.617482,376.0585696,215.7430468,372.3481595,296.5251751,282.263495,288.4340132,209.2829556,241.7103989,807.7213575,155.3803625,838.0782744,809.210874,380.6362724,452.2828669,293.7968826,402.6975083,831.0333325,691.0072144,812.5235703,488.4277194,384.8056731,330.6949533
42,2014-10-10,2014-10-16,1039.287111,932.952091,529.4662874,856.5064707,608.3742112,1214.161105,1138.286039,377.0580121,216.1747814,373.7817941,299.8759344,285.1239028,289.5949841,212.702539,244.4313123,810.2623833,157.9476401,841.1199199,810.62212,381.8945933,453.2970552,294.3301692,404.1057613,832.1299025,692.8700913,813.9994485,489.7719692,384.8997578,331.2347779
43,2014-10-17,2014-10-23,1042.804569,934.8949045,531.4565334,858.8912522,609.5597051,1216.53268,1141.942285,378.0364993,216.5926987,375.1877994,303.0983065,287.9314957,290.7324824,216.0289086,247.0743417,812.7900387,160.4151037,844.1415565,812.0257564,383.139869,454.3031867,294.854959,405.5069927,833.22396,694.7285676,815.4743031,491.1122711,384.9934347,331.7689242
44,2014-10-24,2014-10-30,1046.29443,936.8265974,533.4206218,861.2665473,610.7356785,1218.897025,1145.586341,378.9949428,216.9976798,376.5673181,306.2029873,290.6886763,291.8475248,219.2683365,249.6445875,815.3045046,162.7915954,847.1435161,813.4218778,384.3724081,455.3014057,295.371533,406.901296,834.3155197,696.5826757,816.9481373,492.4486588,385.0867076,332.2975193
45,2014-10-31,2014-11-06,1049.757215,938.7473187,535.359324,863.6324573,611.902301,1221.254197,1149.218326,379.9341951,217.3905237,377.9214214,309.1993437,293.3976765,292.9410618,222.4264414,252.1466422,817.8059581,165.0847772,850.1261218,814.8105769,385.5925083,456.2918528,295.8801581,408.2887629,835.4045964,698.4324476,818.4209545,493.7811657,385.1795798,332.820686
46,2014-11-07,2014-11-13,1053.193428,940.6572145,537.2733763,865.9890813,613.0597376,1223.604253,1152.838359,380.8550542,217.7719569,379.2511152,312.0956277,296.0605738,294.0139831,225.508279,254.5846565,820.2945724,167.301337,853.0896879,816.1919447,386.8004562,457.2746644,296.3810884,409.6694829,836.4912045,700.277915,819.8927579,495.1098247,385.2720551,333.338543
47,2014-11-14,2014-11-20,1056.603558,942.5564277,539.1634821,868.336517,614.2081488,1225.94725,1156.446554,381.7582688,218.1426419,380.5573448,314.8991501,298.6793054,295.0671228,228.5184169,256.9623956,822.7705168,169.4471503,856.034521,817.5660704,387.9965285,458.2499735,296.8745657,411.0435437,837.5753584,702.1191092,821.3635506,496.434668,385.3641367,333.8512049
48,2014-11-21,2014-11-27,1059.98808,944.4450983,541.0303142,870.6748602,615.3476907,1228.283244,1160.043025,382.6445417,218.5031846,381.8410007,317.6164202,301.2556811,296.1012639,231.4609975,259.2832865,825.2339574,171.5274095,858.9609197,818.9330415,389.1809918,459.2179093,297.3608203,412.4110313,838.6570722,703.9560609,822.833336,497.7557278,385.4558282,334.3587826
49,2014-11-28,2014-12-04,1063.347456,946.3233635,542.8745162,873.0042053,616.4785153,1230.612288,1163.627885,383.5145339,218.8541408,383.1029218,320.2532611,303.7913945,297.1171426,234.3397907,261.5504585,827.6850565,173.5467281,861.8691749,820.2929438,390.3541037,460.1785976,297.8400719,413.7720296,839.7363601,705.7888008,824.302117,499.0730354,385.547133,334.8613835
106,2014-12-05,2014-12-11,1066.682135,948.1913576,544.6967043,875.324645,617.6007706,1232.934438,1167.201243,384.3688678,219.1960213,384.3439,322.8149044,306.2880332,298.1154521,237.1582383,263.7667768,830.1239731,175.5092256,864.7595704,821.6458618,391.516113,461.1321611,298.3125301,415.1266211,840.813236,707.6173589,825.769897,500.386622,385.6380543,335.3591116
107,2014-12-12,2014-12-18,1069.992552,950.0492122,546.4974689,877.6362705,618.7146007,1235.249748,1170.763208,385.20813,219.5292967,385.5646834,325.3060689,308.7470874,299.0968455,239.9194927,265.9348728,832.5508632,177.4185974,867.6323827,822.9918779,392.6672597,462.0787189,298.7783953,416.4748864,841.8877137,709.4417651,827.236679,501.6965183,385.7285956,335.8520674
52,2014-12-19,2014-12-25,1073.279132,951.8970563,548.2773761,879.9391714,619.8201461,1237.558269,1174.313886,386.0328743,219.8544018,386.7659798,327.7310268,311.1699582,300.0619395,242.6264488,268.0571689,834.9658791,179.2781719,870.4878817,824.3310736,393.807776,463.0183874,299.2378586,417.8169044,842.9598069,711.2620486,828.7024662,503.0027543,385.8187599,336.3403483
53,2014-12-26,2015-01-01,1076.542286,953.7350164,550.036969,882.2334359,620.9175434,1239.860054,1177.853384,386.8436239,220.1717388,387.9484592,330.0936591,313.5579648,301.0113165,245.2817727,270.1359007,837.3691705,181.090959,873.3263306,825.6635283,394.9378865,463.9512797,299.6911032,419.1527527,844.0295292,713.0782387,830.1672617,504.30536,385.9085506,336.8240488
54,2015-01-02,2015-01-08,1079.782417,955.5632163,551.7767688,884.5191508,622.0069261,1242.155156,1181.381803,387.6408737,220.4816807,389.1127569,332.397503,315.9123507,301.9455275,247.8879253,272.1731364,839.7608837,182.8596901,876.1479862,826.9893204,396.0578083,464.8775062,300.1383041,420.482507,845.0968941,714.890364,831.6310685,505.6043648,385.9979708,337.3032605
55,2015-01-09,2015-01-15,1082.999914,957.3817776,553.4972762,886.7964013,623.088424,1244.443624,1184.899247,388.4250923,220.7845741,390.2594753,334.6457916,318.2342897,302.8650941,250.4471843,274.1707929,842.1411623,184.5868527,878.9530992,828.3085267,397.1677516,465.7971746,300.5796291,421.8062418,846.1619149,716.6984529,833.0938897,506.8997978,386.0870237,337.7780721
56,2015-01-16,2015-01-22,1086.195157,959.1908194,555.1989724,889.0652715,624.1621639,1246.725509,1188.405815,389.1967239,221.0807415,391.3891869,336.8414888,320.5248914,303.7705108,252.9616617,276.1306512,844.5101469,186.2747185,881.7419144,829.6212226,398.2679196,466.7103897,301.0152388,423.1240299,847.2246047,718.5025335,834.5557284,508.1916874,386.1757123,338.2485696
57,2015-01-23,2015-01-29,1089.368516,960.9904584,556.8823202,891.325844,625.2282693,1249.000861,1191.901606,389.9561901,221.3704835,392.5024358,338.9873189,322.7852054,304.6622468,255.4333204,278.0543687,846.8679755,187.9253691,884.5146706,830.9274822,399.3585095,467.6172538,301.4452874,424.4359427,848.2849768,720.3026335,836.0165877,509.4800621,386.2640396,338.7148366
58,2015-01-30,2015-02-05,1092.520351,962.7808093,558.5477646,893.5782,626.2868608,1251.269729,1195.386719,390.703891,221.6540809,393.5997395,341.0857918,325.0162263,305.5407476,257.8639883,279.943491,849.2147833,189.5407164,887.2716012,832.2273783,400.439712,468.5178667,301.8699227,425.7420505,849.3430439,722.0987803,837.4764704,510.7649498,386.3520088,339.1769542
59,2015-02-06,2015-02-12,1095.651012,964.5619845,560.1957344,895.8224195,627.3380561,1253.532161,1198.861247,391.4402071,221.9317963,394.681591,343.1392257,327.218897,306.4064368,260.2553707,281.7994618,851.5507028,191.1225213,890.0129343,833.5209824,401.511712,469.4123258,302.2892866,427.0424218,850.398819,723.891001,838.9353798,512.0463778,386.4396228,339.6350011
60,2015-02-13,2015-02-19,1098.760843,966.3340942,561.826642,898.0585813,628.3819698,1255.788206,1202.325287,392.1655004,222.2038756,395.74846,345.1497662,329.3941128,307.2597173,262.6090615,283.6236318,853.8758641,192.6724096,892.7388925,834.8083647,402.5746889,470.300726,302.7035154,428.3371241,851.4523149,725.6793224,840.3933186,513.3243735,386.5268844,340.0890537
61,2015-02-20,2015-02-26,1101.850176,968.0972466,563.4408854,900.2867629,629.418714,1258.03791,1205.778931,392.8801156,222.4705497,396.8007947,347.1194036,331.5427244,308.100973,264.9265528,285.4172668,856.1903947,194.1918858,895.4496935,836.0895943,403.6288165,471.1831602,303.1127402,429.6262236,852.5035441,727.463771,841.85029,514.5989636,386.6137967,340.5391862
62,2015-02-27,2015-03-05,1104.919336,969.8515478,565.0388478,902.5070406,630.4483981,1260.281321,1209.22227,393.5843811,222.7320351,397.8390227,349.0499875,333.665541,308.9305694,267.2092437,287.1815549,858.4944198,195.6823448,898.1455501,837.3647389,404.6742634,472.0597188,303.5170869,430.909785,853.5525191,729.2443729,843.3062968,515.8701746,386.7003624,340.9854709
63,2015-03-06,2015-03-12,1107.968639,971.5971022,566.6208991,904.7194894,631.4711289,1262.518485,1212.655396,394.2786102,222.9885357,398.8635526,350.9432402,335.763333,309.7488554,269.4584484,288.9176127,860.788062,197.1450832,900.8266703,838.6338653,405.7111934,472.9304903,303.9166768,432.1878721,854.5992524,731.021154,844.761342,517.1380326,386.7865844,341.4279779
64,2015-03-13,2015-03-19,1110.998394,973.3340118,568.1873962,906.9241834,632.4870107,1264.749446,1216.078398,394.9631018,223.2402435,399.8747751,352.8007683,337.8368344,310.5561639,271.6754027,290.6264912,863.0714418,198.5813079,903.4932574,839.897039,406.7397654,473.7955611,304.3116264,433.4605474,855.6437562,732.79414,846.2154285,518.4025635,386.8724656,341.8667753
65,2015-03-20,2015-03-26,1114.008904,975.0623772,569.7386835,909.1211954,633.4961454,1266.974252,1219.491362,395.6381416,223.4873393,400.8730637,354.6240729,339.8867454,311.352813,273.8612705,292.3091808,865.3446775,199.9921446,906.1455103,841.1543243,407.7601336,474.6550155,304.7020482,434.7278721,856.6860428,734.5633561,847.6685592,519.6637926,386.9580085,342.3019295
66,2015-03-27,2015-04-02,1117.000461,976.782297,571.2750939,911.3105971,634.4986327,1269.192945,1222.894376,396.3040024,223.7299939,401.8587761,356.4145589,341.9137343,312.1391068,276.0171498,293.9666163,867.6078851,201.3786454,908.7836237,842.4057846,408.7724479,475.508936,305.0880504,435.9899065,857.7261241,736.3288273,849.120737,520.9217452,387.0432161,342.733505
67,2015-04-03,2015-04-09,1119.973352,978.4938678,572.7969488,913.4924592,635.4945696,1271.405571,1226.287525,396.9609453,223.9683689,402.832255,358.1735431,343.9184394,312.915336,278.144077,295.5996805,869.8611784,202.7417948,911.4077878,843.6514822,409.776854,476.357403,305.4697373,437.2467097,858.7640123,738.0905784,850.5719648,522.176446,387.1280909,343.1615646
68,2015-04-10,2015-04-16,1122.927859,980.1971848,574.3045591,915.6668511,636.4840515,1273.612173,1229.670893,397.6092204,224.2026167,403.7938288,359.9022617,345.9014712,313.6817792,280.2430323,297.2092088,872.1046694,204.0825157,914.018189,844.8914782,410.7734934,477.2004955,305.8472096,438.4983397,859.799719,739.8486338,852.0222455,523.4279197,387.2126357,343.5861693
69,2015-04-17,2015-04-23,1125.864254,981.8923413,575.7982252,917.8338415,637.4671713,1275.812793,1233.044563,398.2490668,224.432882,404.7438125,361.6018768,347.8634135,314.438703,282.3149433,298.7959921,874.3384677,205.4016744,916.6150095,846.125833,411.7625036,478.0382902,306.2205643,439.7448536,860.8332561,741.6030178,853.4715819,524.6761903,387.296853,344.0073788
70,2015-04-24,2015-04-30,1128.782804,983.579429,577.278238,919.9934978,638.4440198,1278.007475,1236.408616,398.880714,224.6593019,405.6825084,363.2734823,349.8048255,315.1863631,284.3606891,300.3607799,876.5626814,206.7000858,919.1984279,847.3546056,412.7440186,478.8708625,306.5898952,440.9863072,861.8646353,743.3537542,854.9199767,525.9212819,387.3807455,344.4252508
71,2015-05-01,2015-05-07,1131.68377,985.2585381,578.7448788,922.1458867,639.4146861,1280.19626,1239.763134,399.504382,224.8820064,406.6102068,364.918109,351.7262428,315.9250046,286.3811036,301.9042839,878.7774162,207.9785165,921.7686188,848.5778543,413.7181684,479.6982861,306.9552928,442.2227557,862.8938681,745.1008668,856.367433,527.163218,387.4643157,344.8398419
72,2015-05-08,2015-05-14,1134.567408,986.929757,580.1984202,924.2910735,640.379257,1282.37919,1243.108196,400.1202819,225.1011189,407.5271867,366.5367299,353.6281791,316.654863,288.3769787,303.4271796,880.9827761,209.2376896,924.3257533,849.7956366,414.6850799,480.5206329,307.3168446,443.454253,863.920966,746.844379,857.8139533,528.402022,387.5475662,345.2512069
73,2015-05-15,2015-05-21,1137.433966,988.5931728,581.639126,926.429123,641.3378177,1284.556307,1246.44388,400.7286162,225.3167568,408.4337163,368.1302643,355.511127,317.3761641,290.3490672,304.9301097,883.1788635,210.4782876,926.869999,851.0080086,415.6448761,481.3379734,307.6746349,444.6808521,864.9459403,748.5843139,859.2595406,529.6377169,387.6304995,345.6593995
74,2015-05-22,2015-05-28,1140.283687,990.2488709,583.0672519,928.5600987,642.2904515,1286.72765,1249.770263,401.3295798,225.5290317,409.3300533,369.6995816,357.3755596,318.0891251,292.2980854,306.4136854,885.3657787,211.7009552,929.40152,852.2150259,416.5976773,482.1503765,308.0287456,445.9026054,865.9688022,750.3206945,860.7041975,530.8703255,387.713118,346.064472
108,2015-05-29,2015-06-04,1143.11681,991.8969352,584.4830456,930.6840634,643.2372397,1288.893261,1253.087422,401.9233596,225.73805,410.2164462,371.245505,359.2219312,318.7939547,294.2247153,307.878489,887.5436204,212.9063026,931.9204771,853.416743,417.5436001,482.9579096,308.3792556,447.1195639,866.9895631,752.0535434,862.1479269,532.0998703,387.7954241,346.4664751
109,2015-06-05,2015-06-11,1145.933567,993.5374485,585.8867475,932.8010789,644.1782621,1291.053178,1256.395432,402.5101357,225.9439129,411.0931339,372.7688151,361.0506787,319.4908537,296.1296072,309.3250759,889.7124856,214.0949076,934.4270279,854.6132137,418.4827586,483.7606389,308.7262414,448.3317782,868.0082339,753.782883,863.5907315,533.3263735,387.8774204,346.8654585
110,2015-06-12,2015-06-18,1148.734186,995.1704918,587.2785906,934.9112061,645.1135969,1293.207442,1259.694368,403.0900813,226.1467171,411.9603466,374.2702524,362.862222,320.1800153,298.0133813,310.7539755,891.8724695,215.2673183,936.9213267,855.8044909,419.4152636,484.5586289,309.069777,449.5392977,869.0248255,755.5087355,865.032614,534.549857,387.9591092,347.2614708
111,2015-06-19,2015-06-25,1151.51889,996.796145,588.658801,937.0145052,646.0433204,1295.35609,1262.984301,403.6633629,226.3465548,412.8183063,375.7505201,364.6569654,320.8616254,299.8766299,312.1656935,894.0236659,216.4240546,939.4035249,856.9906265,420.3412232,485.351943,309.409934,450.7421711,870.039349,757.2311229,866.4735771,535.7703426,388.0404928,347.654559
112,2015-06-26,2015-07-02,1154.287895,998.4144866,590.0275981,939.1110353,646.9675075,1297.499162,1266.265306,404.2301412,226.5435139,413.667227,377.2102869,366.4352981,321.5358635,301.7199189,313.5607134,896.1661668,217.5656106,941.8737708,858.1716717,421.2607428,486.1406432,309.7467819,451.9404463,871.0518151,758.9500669,867.9136236,536.9878517,388.1215737,348.0447693
113,2015-07-03,2015-07-09,1157.041416,1000.025594,591.3851951,941.2008549,647.8862315,1299.636695,1269.537452,404.7905709,226.7376787,414.5073151,378.6501891,368.1975948,322.2029021,303.5437895,314.9394971,898.3000629,218.6924563,944.33221,859.3476771,422.1739251,486.9247901,310.080388,453.1341704,872.0622345,760.665589,869.352756,538.2024055,388.202354,348.4321468
114,2015-07-10,2015-07-16,1159.77966,1001.629542,592.7317986,943.2840215,648.7995643,1301.768728,1272.800811,405.3448011,226.9291296,415.33877,380.0708325,369.9442171,322.8629078,305.3487597,316.3024869,900.4254431,219.8050388,946.7789849,860.5186922,423.0808703,487.7044432,310.4108174,454.3233897,873.0706178,762.3777105,870.7909771,539.4140248,388.2828361,348.8167352
115,2015-07-17,2015-07-23,1162.502831,1003.226407,594.0676099,945.3605919,649.7075761,1303.895296,1276.055452,405.8929757,227.1179436,416.1617839,381.4727948,371.6755132,323.5160414,307.1353256,317.6501063,902.542395,220.9037844,949.2142356,861.6847659,423.9816761,488.4796609,310.7381333,455.5081496,874.0769755,764.0864523,872.2282895,540.6227304,388.3630222,349.1985776
116,2015-07-24,2015-07-30,1165.21113,1004.816261,595.3928241,947.4306221,650.610336,1306.016438,1279.301442,406.4352335,227.3041945,416.9765428,382.8566269,373.3918195,324.1624579,308.9039624,318.9827613,904.6510048,221.9890991,951.6380992,862.8459463,424.8764378,489.2505002,311.0623971,456.688495,875.0813181,765.7918354,873.664696,541.8285428,388.4429147,349.5777157
117,2015-07-31,2015-08-06,1167.904752,1006.399177,596.7076311,949.4941673,651.5079116,1308.132189,1282.538851,406.9717085,227.4879529,417.7832262,384.2228547,375.0934603,324.802307,310.6551261,320.3008409,906.7513571,223.0613708,954.0507102,864.0022809,425.7652485,490.0170171,311.3836683,457.86447,876.083656,767.4938804,875.100199,543.0314821,388.5225155,349.9541905
118,2015-08-07,2015-08-13,1170.583888,1007.975225,598.0122155,951.551282,652.400369,1310.242585,1285.767744,407.5025301,227.6692867,418.5820079,385.5719809,376.780749,325.4357335,312.3892543,321.6047187,908.8435352,224.1209698,956.4522009,865.1538163,426.6481991,490.7792664,311.7020045,459.0361179,877.0839994,769.1926076,876.5348012,544.2315683,388.6018271,350.3280419
119,2015-08-14,2015-08-20,1173.248726,1009.544476,599.3067569,953.60202,653.2877731,1312.347663,1288.988188,408.0278234,227.8482608,419.3730558,386.9044859,378.4539885,326.062877,314.1067671,322.8947531,910.9276212,225.1682498,958.8427007,866.3005985,427.5253781,491.5373019,312.0174619,460.2034813,878.0823584,770.8880372,877.9685052,545.4288212,388.6808514,350.6993091
120,2015-08-21,2015-08-27,1175.89945,1011.106999,600.5914298,955.6464341,654.1701877,1314.447456,1292.200248,408.5477093,228.0249376,420.1565323,388.2208295,380.1134712,326.6838728,315.808068,324.1712886,913.0036957,226.2035495,961.2223368,867.4426728,428.3968722,492.2911764,312.3300948,461.3666022,879.0787432,772.5801893,879.4013137,546.6232604,388.7595907,351.06803
121,2015-08-28,2015-09-03,1178.53624,1012.662861,601.8664043,957.6845767,655.047675,1316.542001,1295.403987,409.0623045,228.1993772,420.9325947,389.5214518,381.7594803,327.2988516,317.4935453,325.4346563,915.071838,227.2271928,963.591234,868.5800838,429.2627658,493.0409415,312.6399562,462.5255219,880.0731639,774.2690836,880.8332291,547.814905,388.838047,351.4342422
122,2015-09-04,2015-09-10,1181.159273,1014.212129,603.1318457,959.7164995,655.9202965,1318.631331,1298.599469,409.5717223,228.371637,421.7013954,390.8067747,383.3922893,327.9079398,319.1635723,326.6851746,917.1321263,228.2394901,965.9495149,869.7128755,430.1231417,493.7866479,312.9470975,463.6802811,881.0656302,775.9547397,882.2642541,549.0037741,388.9162224,351.797982
123,2015-09-11,2015-09-17,1183.76872,1015.754869,604.3879152,961.7422532,656.788112,1320.71548,1301.786758,410.0760719,228.5417724,422.4630818,392.0772024,385.0121633,328.5112598,320.8185083,327.9231501,919.1846375,229.2407387,968.2972998,870.8410912,430.9780805,494.5283454,313.2515685,464.8309198,882.0561522,777.637177,883.6943911,550.1898868,388.994119,352.159285
124,2015-09-18,2015-09-24,1186.364752,1017.291144,605.6347695,963.7618881,657.6511805,1322.794483,1304.965914,410.5754592,228.7098368,423.2177969,393.333123,386.6193587,329.1089302,322.4586995,329.1488778,921.2294472,230.231224,970.6347069,871.9647735,431.8276611,495.2660828,313.5534179,465.9774773,883.0447395,779.3164147,885.1236428,551.3732615,389.0717388,352.5181863
125,2015-09-25,2015-10-01,1188.947535,1018.821019,606.8725614,965.7754538,658.5095597,1324.868372,1308.136999,411.0699869,228.8758815,423.9656793,394.5749086,388.2141239,329.7010658,324.0844791,330.362642,923.2666298,231.2112199,972.961852,873.0839646,432.6719605,495.999908,313.8526928,467.1199925,884.0314019,780.9924718,886.5520116,552.5539168,389.1490839,352.8747198
126,2015-10-02,2015-10-08,1191.517231,1020.344557,608.1014399,967.7829991,659.3633064,1326.937182,1311.300072,411.5597542,229.0399558,424.7068632,395.802917,389.7966996,330.2877778,325.6961689,331.5647166,925.2962588,232.1809891,975.2788492,874.1987058,433.5110542,496.7298678,314.1494392,468.2585036,885.0161489,782.665367,887.9795001,553.7318708,389.2261562,353.2289191
127,2015-10-09,2015-10-15,1194.074001,1021.861818,609.32155,969.7845724,660.2124761,1329.000943,1314.455195,412.0448575,229.2021072,425.441479,397.0174918,391.3673192,330.869174,327.2940787,332.7553658,927.3184063,233.1407844,977.5858104,875.3090381,434.3450159,497.4560085,314.4437018,469.3930481,885.9989902,784.3351191,889.4061107,554.9071417,389.3029576,353.5808166
128,2015-10-16,2015-10-22,1196.618001,1023.372864,610.5330331,971.7802212,661.0571235,1331.05969,1317.602424,412.52539,229.3623817,426.1696531,398.2189637,392.9262088,331.445359,328.8785079,333.9348445,929.3331433,234.0908487,979.8828454,876.4150016,435.1739175,498.1783752,314.7355242,470.5236631,886.9799352,786.0017465,890.831846,556.0797473,389.3794903,353.9304445
129,2015-10-23,2015-10-29,1199.149384,1024.877755,611.7360272,973.7699927,661.8973023,1333.113453,1320.74182,413.0014424,229.5208235,426.8915083,399.4076505,394.4735879,332.0164342,330.4497453,335.1033988,931.34054,235.0314155,982.1700625,877.5166362,435.9978296,498.8970123,315.0249486,471.6503851,887.9589932,787.6652674,892.2567083,557.2497051,389.455756,354.277834
130,2015-10-30,2015-11-05,1201.668302,1026.376548,612.9306667,975.7539332,662.7330649,1335.162265,1323.873438,413.4731023,229.6774753,427.6071636,400.5838584,396.0096693,332.582498,332.00807,336.2612661,933.3406653,235.9627099,984.4475676,878.6139808,436.8168213,499.6119636,315.3120162,472.7732499,888.9361736,789.3256999,893.6807003,558.4170328,389.5317566,354.6230157
131,2015-11-06,2015-11-12,1204.174903,1027.869303,614.1170828,977.7320886,663.5644631,1337.206156,1326.997335,413.940455,229.8323781,428.3167348,401.7478821,397.5346598,333.1436459,333.5537516,337.4086761,935.333587,236.8849483,986.7154651,879.7070741,437.6309598,500.3232717,315.5967673,473.892293,889.9114857,790.983062,895.1038242,559.5817474,389.6074942,354.9660196
132,2015-11-13,2015-11-19,1206.669331,1029.356076,615.2954035,979.7045041,664.3915476,1339.245159,1330.113569,414.4035831,229.9855718,429.0203342,402.9000058,399.0487599,333.6999705,335.0870508,338.5458505,937.319372,237.7983395,988.9738575,880.7959542,438.4403114,501.0309787,315.879241,475.0075492,890.8849385,792.6373713,896.5260826,560.7438662,389.6829705,355.3068751
133,2015-11-20,2015-11-26,1209.151729,1030.836924,616.4657538,981.6712243,665.2143682,1341.279303,1333.222193,414.862567,230.1370948,429.7180712,404.0405033,400.5521646,334.2515621,336.6082197,339.6730038,939.2980863,238.7030846,991.2228456,881.8806585,439.2449406,501.735126,316.1594754,476.1190529,891.8565412,794.2886454,897.9474779,561.9034059,389.7581873,355.645611
134,2015-11-27,2015-12-03,1211.622237,1032.311902,617.6282556,983.6322935,666.0329738,1343.308619,1336.323263,415.3174846,230.2869842,430.4100518,405.1696387,402.0450632,334.7985079,338.1175024,340.7903435,941.2697947,239.5993777,993.4625285,882.961224,440.0449108,502.435754,316.4375077,477.2268379,892.8263029,795.9369017,899.3680125,563.0603833,389.8331466,355.9822554
135,2015-12-04,2015-12-10,1214.080992,1033.781065,618.7830279,985.587755,666.8474126,1345.333137,1339.416832,415.7684117,230.4352759,431.0963794,406.2876669,403.5276398,335.3408931,339.6151349,341.8980703,943.2345612,240.4874059,995.6930036,884.0376871,440.8402839,503.1329026,316.713374,478.3309375,893.7942324,797.5821575,900.7876887,564.214815,389.9078501,356.316836
136,2015-12-11,2015-12-17,1216.528129,1035.244467,619.930187,987.5376521,667.6577317,1347.352887,1342.502955,416.2154218,230.5820045,431.7771543,407.3948341,405.0000732,335.8788003,341.101346,342.9963786,945.1924488,241.3673499,997.9143666,885.1100839,441.6311206,503.8266109,316.9871098,479.4313847,894.7603386,799.2244297,902.2065091,565.3667172,389.9822996,356.6493798
137,2015-12-18,2015-12-24,1218.96378,1036.70216,621.0698463,989.482027,668.4639775,1349.367899,1345.581683,416.6585866,230.7272037,432.4524741,408.4913778,406.4625374,336.4123097,342.5763571,344.0854566,947.1435196,242.2393843,1000.126712,886.1784499,442.4174803,504.5169175,317.2587495,480.5282117,895.7246304,800.8637354,903.6244758,566.5161062,390.0564968,356.9799133
138,2015-12-25,2015-12-31,1221.388076,1038.154197,622.2021169,991.4209218,669.2661957,1351.378201,1348.65307,417.0979756,230.8709059,433.122434,409.5775277,407.9152016,336.9414996,344.040383,345.1654867,949.0878348,243.1036778,1002.330132,887.24282,443.1994213,505.20386,317.5283267,481.6214506,896.6871166,802.5000912,905.0415914,567.662998,390.1304436,357.3084625
139,2016-01-01,2016-01-07,1223.801143,1039.600629,623.3271071,993.3543778,670.0644309,1353.383823,1351.717165,417.5336566,231.0131426,433.7871263,410.6535058,409.3582306,337.4664458,345.4936318,346.2366456,951.0254548,243.9603934,1004.524718,888.3032287,443.9770006,505.8874757,317.7958742,482.7111328,897.6478057,804.1335137,906.4578581,568.8074083,390.2041416,357.635053
140,2016-01-08,2016-01-14,1226.203107,1041.041508,624.4449229,995.2824361,670.8587273,1355.384793,1354.774022,417.9656952,231.1539443,434.4466413,411.7195267,410.7917847,337.9872225,346.9363054,347.2991045,952.956439,244.8096887,1006.710559,889.3597101,444.7502741,506.5678009,318.0614239,483.7972893,898.6067063,805.7640193,907.8732784,569.949353,390.2775926,357.9597095
141,2016-01-15,2016-01-21,1228.594091,1042.476883,625.5556676,997.2051371,671.649128,1357.381139,1357.823689,418.3941557,231.2933404,435.1010667,412.7757983,412.2160197,338.5039015,348.3685996,348.3530297,954.8808459,245.6517162,1008.887744,890.4122978,445.5192966,507.2448717,318.3250072,484.8799507,899.5638272,807.3916244,909.2878544,571.0888474,390.3507983,358.2824567
142,2016-01-22,2016-01-28,1230.974217,1043.906804,626.6594427,999.1225206,672.4356758,1359.37289,1360.866216,418.8191004,231.4313596,435.7504877,413.8225213,413.6310878,339.0165531,349.7907044,349.3985824,956.7987335,246.4866236,1011.056359,891.4610249,446.2841218,507.9187232,318.5866546,485.9591471,900.5191766,809.0163449,910.7015886,572.225907,390.4237603,358.6033186
143,2016-01-29,2016-02-04,1233.343603,1045.33132,627.756347,1001.034626,673.2184123,1361.360074,1363.901653,419.2405899,231.5680296,436.3949878,414.8598905,415.0371368,339.5252453,351.2028044,350.435919,958.7101585,247.3145538,1013.21649,892.5059242,447.0448023,508.5893902,318.8463958,487.0349082,901.4727631,810.638197,912.1144833,573.3605469,390.4964804,358.9223187
144,2016-02-05,2016-02-11,1235.702366,1046.750478,628.8464773,1002.941493,673.9973787,1363.342717,1366.930049,419.6586834,231.7033773,437.034648,415.8880943,416.4343111,340.0300447,352.6050787,351.4651913,960.6151772,248.1356452,1015.368221,893.5470279,447.8013899,509.2569067,319.1042599,488.1072635,902.4245949,812.2571964,913.5265407,574.4927822,390.56896,359.2394802
145,2016-02-12,2016-02-18,1238.050621,1048.164325,629.9299284,1004.843159,674.7726155,1365.320848,1369.951451,420.0734385,231.8374288,437.6695473,416.9073153,417.8227512,340.5310161,353.9977014,352.4865469,962.513845,248.950032,1017.511635,894.5843679,448.553935,509.9213063,319.3602753,489.1762418,903.3746804,813.8733587,914.9377632,575.6226277,390.641201,359.5548256
146,2016-02-19,2016-02-25,1240.38848,1049.572909,631.0067928,1006.739662,675.5441624,1367.294492,1372.965907,420.4849113,231.9702094,438.299763,417.9177305,419.2025941,341.0282227,355.3808417,353.5001291,964.4062165,249.7578441,1019.646812,895.6179756,449.3024873,510.5826219,319.6144699,490.2418715,904.3230278,815.4866996,916.3481529,576.7500982,390.7132048,359.8683773
147,2016-02-26,2016-03-03,1242.716055,1050.976276,632.0771611,1008.631041,676.3120584,1369.263678,1375.973465,420.8931565,232.1017437,438.9253701,418.9195115,420.5739734,341.5217258,356.7546639,354.5060771,966.2923455,250.5592077,1021.773833,896.647882,450.0470955,511.2408861,319.8668707,491.3041809,905.2696453,817.0972344,917.7577122,577.8752083,390.7849732,360.180157
148,2016-03-04,2016-03-10,1245.033455,1052.37447,633.1411222,1010.517332,677.0763422,1371.228431,1378.974169,421.2982273,232.2320556,439.546442,419.9128247,421.9370193,342.0115856,358.119328,355.5045261,968.1722852,251.3542449,1023.892777,897.6741177,450.7878075,511.8961306,320.1175042,492.3631977,906.2145409,818.7049783,919.1664433,578.9979723,390.8565076,360.4901863
149,2016-03-11,2016-03-17,1247.340788,1053.767538,634.1987628,1012.398572,677.8370516,1373.188778,1381.968067,421.7001758,232.3611682,440.1630503,420.8978317,423.291859,342.4978606,359.4749895,356.4956078,970.0460878,252.1430745,1026.003721,898.6967131,451.5246699,512.5483869,320.3663965,493.4189492,907.1577226,820.3099465,920.5743485,580.1184047,390.9278096,360.7984861
150,2016-03-18,2016-03-24,1249.638157,1055.155522,635.2501679,1014.274798,678.5942237,1375.144744,1384.955204,422.0990526,232.4891041,440.7752648,421.8746892,424.6386166,342.9806077,360.8217996,357.4794501,971.9138052,252.9258117,1028.106743,899.7156978,452.2577289,513.1976859,320.6135728,494.4714625,908.0991986,821.9121539,921.98143,581.2365194,390.9988808,361.105077
151,2016-03-25,2016-03-31,1251.925668,1056.538466,636.2954208,1016.146045,679.3478952,1377.096355,1387.935625,422.4949072,232.6158851,441.3831536,422.8435492,425.9774129,343.4598828,362.1599055,358.4561776,973.7754883,253.7025681,1030.201916,900.7311014,452.9870296,513.844058,320.859058,495.5207641,909.0389766,823.5116154,923.38769,582.3523305,391.0697227,361.4099794
152,2016-04-01,2016-04-07,1254.203422,1057.916414,637.3346029,1018.012348,680.0981022,1379.043638,1390.909375,422.8877877,232.7415325,441.9867833,423.8045596,427.3083662,343.93574,363.4894507,359.4259113,975.6311873,254.4734525,1032.289316,901.7429529,453.7126163,514.487533,321.1028763,496.5668803,909.9770645,825.1083456,924.7931306,583.4658519,391.1403368,361.713213
153,2016-04-08,2016-04-14,1256.47152,1059.289407,638.3677941,1019.873743,680.8448802,1380.986616,1393.876496,423.2777413,232.8660671,442.5862189,424.757864,428.6315919,344.4082325,364.8105747,360.3887691,977.480952,255.2385703,1034.369015,902.751281,454.4345324,515.1281404,321.3450514,497.6098372,910.9134702,826.7023592,926.1977542,584.5770973,391.2107246,362.0147976
154,2016-04-15,2016-04-21,1258.730061,1060.657489,639.3950727,1021.730264,681.588264,1382.925315,1396.837034,423.6648138,232.9895089,443.1815237,425.7036018,429.9472026,344.877412,366.1234133,361.344866,979.3248311,255.9980241,1036.441085,903.7561142,455.1528207,515.7659092,321.5856066,498.6496602,911.8482014,828.2936705,927.6015629,585.6860802,391.2808876,362.3147522
155,2016-04-22,2016-04-28,1260.979141,1062.020699,640.4165152,1023.581946,682.328288,1384.85976,1399.79103,424.0490501,233.1118775,443.7727597,426.6419085,431.2553084,345.3433291,367.4280991,362.2943136,981.1628732,256.7519136,1038.505598,904.7574803,455.8675231,516.4008678,321.8245645,499.6863746,912.7812658,829.882294,929.0045588,586.7928142,391.3508274,362.6130958
156,2016-04-29,2016-05-05,1263.218856,1063.379079,641.4321968,1025.428822,683.064986,1386.789975,1402.738528,424.430494,233.2331919,444.3599876,427.5729161,432.5560167,345.8060331,368.7247611,363.2372209,982.9951258,257.5003356,1040.562622,905.7554071,456.5786807,517.0330443,322.0619474,500.7200053,913.7126709,831.4682437,930.4067442,587.8973125,391.4205452,362.9098467
157,2016-05-06,2016-05-12,1265.4493,1064.732668,642.4421909,1027.270927,683.7983915,1388.715985,1405.679569,424.8091882,233.3534707,444.9432664,428.4967528,433.8494327,346.2655723,370.0135251,364.173694,984.821636,258.2433845,1042.612227,906.7499218,457.2863339,517.6624664,322.2977771,501.7505771,914.6424244,833.0515337,931.8081212,588.9995883,391.4900426,363.2050233
158,2016-05-13,2016-05-19,1267.670566,1066.081508,643.4465698,1029.108292,684.528537,1390.637814,1408.614195,425.1851744,233.472732,445.5226541,429.4135432,435.135659,346.7219937,371.2945137,365.1038364,986.6424501,258.981152,1044.654481,907.7410513,457.9905226,518.2891613,322.5320748,502.778114,915.5705338,834.632178,933.2086919,590.0996548,391.5593211,363.4986434
159,2016-05-20,2016-05-26,1269.882745,1067.425636,644.4454042,1030.940951,685.255455,1392.555485,1411.542447,425.5584935,233.5909933,446.0982071,430.3234088,436.4147961,347.1753435,372.5678466,366.0277488,988.4576142,259.7137274,1046.689449,908.7288223,458.6912856,518.9131557,322.7648614,503.8026401,916.4970066,836.2101904,934.6084585,591.1975247,391.6283819,363.7907246
160,2016-05-27,2016-06-02,1272.085927,1068.765092,645.4387634,1032.768935,685.9791772,1394.469022,1414.464367,425.9291854,233.7082718,446.6699807,431.2264676,437.686942,347.6256666,373.8336403,366.9455296,990.2671733,260.4411975,1048.717199,909.7132612,459.3886613,519.5344761,322.9961575,504.8241791,917.4218501,837.7855846,936.0074231,592.293211,391.6972266,364.0812841
161,2016-06-03,2016-06-09,1274.2802,1070.099913,646.4267154,1034.592278,686.6997348,1396.378449,1417.379994,426.2972889,233.8245841,447.238029,432.1228348,438.9521928,348.0730069,375.0920088,367.8572747,992.0711721,261.1636471,1050.737794,910.6943938,460.0826874,520.1531483,323.2259829,505.8427542,918.3450717,839.3583741,937.4055877,593.3867263,391.7658565,364.3703389
162,2016-06-10,2016-06-16,1276.46565,1071.430138,647.4093268,1036.411011,687.4171589,1398.283789,1420.289368,426.6628422,233.9399465,447.8024048,433.0126224,440.2106424,348.5174076,376.3430631,368.7630776,993.8696548,261.8811585,1052.751299,911.6722459,460.7734009,520.7691981,323.4543572,506.8583887,919.2666787,840.9285724,938.8029546,594.4780832,391.8342729,364.6579056
163,2016-06-17,2016-06-23,1278.642364,1072.755803,648.3866631,1038.225164,688.1314796,1400.185065,1423.192529,427.0258826,234.0543748,448.3631599,433.8959393,441.4623827,348.9589107,377.5869116,369.6630296,995.6626648,262.5938121,1054.757777,912.6468427,461.4608381,521.3826505,323.6812998,507.8711052,920.1866784,842.4961928,940.1995259,595.5672942,391.9024773,364.9440008
164,2016-06-24,2016-06-30,1280.810425,1074.076945,649.3587884,1040.03477,688.842727,1402.082299,1426.089516,427.3864463,234.1678845,448.9203449,434.7728921,442.7075035,349.3975573,378.8236603,370.5572197,997.4502451,263.3016861,1056.75729,913.6182094,462.1450348,521.9935305,323.9068295,508.8809263,921.105078,844.0612486,941.5953035,596.6543714,391.970471,365.2286404
165,2016-07-01,2016-07-07,1282.969917,1075.393601,650.3257657,1041.839858,689.5509304,1403.975514,1428.980368,427.7445691,234.2804907,449.4740092,435.6435843,443.9460927,349.8333876,380.0534124,371.4457349,999.2324382,264.0048567,1058.749899,914.5863706,462.8260262,522.6018624,324.1309646,509.8878741,922.0218845,845.6237529,942.9902896,597.7393273,392.0382553,365.5118405
166,2016-07-08,2016-07-14,1285.120922,1076.705806,651.2876568,1043.640458,690.256119,1405.864733,1431.865122,428.1002857,234.392208,450.0242014,436.5081168,445.1782366,350.266441,381.276269,372.3286601,1001.009286,264.7033984,1060.735664,915.5513508,463.5038467,523.2076704,324.3537232,510.8919705,922.9371051,847.1837186,944.3844862,598.8221737,392.1058316,365.7936164
167,2016-07-15,2016-07-21,1287.263519,1078.013596,652.2445222,1045.436602,690.9583212,1407.749977,1434.743817,428.4536303,234.5030508,450.5709689,437.3665882,446.4040193,350.6967561,382.4923287,373.2060782,1002.78083,265.3973837,1062.714645,916.5131743,464.1785303,523.8109783,324.5751232,511.8932373,923.8507469,848.7411587,945.7778954,599.9029229,392.1732011,366.0739836
168,2016-07-22,2016-07-28,1289.397789,1079.317005,653.1964216,1047.228317,691.6575654,1409.631269,1437.61649,428.8046361,234.6130331,451.1143582,438.2190946,447.6235235,351.1243706,383.701688,374.0780702,1004.54711,266.0868833,1064.686901,917.4718647,464.8501105,524.4118093,324.7951818,512.8916959,924.7628168,850.296086,947.1705193,600.9815865,392.2403651,366.3529572
169,2016-07-29,2016-08-04,1291.523808,1080.616068,654.1434132,1049.015635,692.3538792,1411.508631,1440.483179,429.1533359,234.7221685,451.6544147,439.0657296,448.83683,351.5493214,384.9044409,374.9447151,1006.308168,266.7719663,1066.65249,918.4274458,465.51862,525.0101867,325.0139162,513.8873672,925.6733218,851.848513,948.5623598,602.0581763,392.307325,366.6305519
170,2016-08-05,2016-08-11,1293.641655,1081.91082,655.0855544,1050.798582,693.0472901,1413.382084,1443.343919,429.4997615,234.8304704,452.191183,439.9065846,450.044018,351.9716445,386.1006796,375.8060904,1008.064043,267.4526999,1068.611468,919.3799408,466.1840913,525.606133,325.231343,514.8802724,926.5822687,853.3984524,949.9534191,603.132704,392.374082,366.9067825
171,2016-08-12,2016-08-18,1295.751405,1083.201293,656.0229015,1052.57719,693.737825,1415.251649,1446.198748,429.8439442,234.9379517,452.7247066,440.7417488,451.2451649,352.3913755,387.2904942,376.6622716,1009.814774,268.12915,1070.563892,920.3293727,466.8465559,526.1996707,325.4474787,515.8704318,927.4896644,854.9459166,951.3436991,604.2051812,392.4406373,367.1816631
172,2016-08-19,2016-08-25,1297.853133,1084.487521,656.9555099,1054.351484,694.4255105,1417.117348,1449.047701,430.1859146,235.0446252,453.2550285,441.5713093,452.4403469,352.808549,388.4739727,377.5133325,1011.560401,268.8013806,1072.509818,921.2757644,467.5060453,526.7908219,325.6623393,516.857866,928.3955157,856.490918,952.7332018,605.2756193,392.5069923,367.455208
173,2016-08-26,2016-09-01,1299.946912,1085.769537,657.8834338,1056.121495,695.1103728,1418.979201,1451.890814,430.5257028,235.1505033,453.7821903,442.3953512,453.6296384,353.2231988,389.6512013,378.3593453,1013.300961,269.4694546,1074.4493,922.2191384,468.1625901,527.3796083,325.8759406,517.842595,929.2998294,858.0334688,954.1219292,606.3440295,392.5731481,367.7274311
174,2016-09-02,2016-09-08,1302.032816,1087.047373,658.8067265,1057.887249,695.7924377,1420.83723,1454.728122,430.863338,235.2555981,454.3062333,443.2139575,454.8131123,353.6353584,390.8222641,379.2003807,1015.036493,270.133433,1076.382392,923.1595168,468.8162206,527.9660514,326.0882981,518.8246388,930.2026121,859.5735812,955.5098834,607.4104231,392.639106,367.9983459
175,2016-09-09,2016-09-15,1304.110914,1088.321062,659.7254405,1059.648773,696.4717308,1422.691455,1457.559661,431.1988492,235.3599214,454.8271975,444.0272091,455.9908404,354.0450602,391.9872436,380.0365077,1016.767035,270.7933757,1078.309148,924.0969216,469.4669666,528.5501723,326.299427,519.8040169,931.1038705,861.1112672,956.8970663,608.4748113,392.7048672,368.2679661
176,2016-09-16,2016-09-22,1306.181279,1089.590634,660.6396272,1061.406096,697.148277,1424.541897,1460.385464,431.5322643,235.4634849,455.3451225,444.8351855,457.1628926,354.4523362,393.1462205,380.867794,1018.492622,271.449341,1080.229621,925.0313747,470.1148574,529.1319919,326.5093423,520.7807488,932.0036112,862.6465388,958.2834799,609.537205,392.7704328,368.5363048
177,2016-09-23,2016-09-29,1308.243979,1090.856121,661.5493372,1063.159244,697.8221012,1426.388575,1463.205566,431.8636111,235.5662998,455.8600469,445.6379638,458.3293378,354.8572177,394.2992738,381.6943056,1020.213292,272.1013862,1082.143861,925.9628974,470.7599217,529.7115308,326.7180584,521.7548536,932.9018408,864.1794077,959.6691261,610.5976151,392.8358042,368.8033751
178,2016-09-30,2016-10-06,1310.299082,1092.117555,662.4546202,1064.908244,698.4932278,1428.231511,1466.02,432.1929166,235.6683773,456.3720085,446.4356199,459.4902435,355.2597354,395.4464807,382.5161072,1021.929082,272.7495669,1084.051921,926.8915111,471.402188,530.2888092,326.9255899,522.7263504,933.7985657,865.7098858,961.0540069,611.6560526,392.9009824,369.0691899
179,2016-10-07,2016-10-13,1312.346658,1093.374965,663.3555249,1066.653122,699.1616809,1430.070724,1468.828801,432.5202073,235.7697281,456.8810446,447.2282275,460.6456758,355.6599193,396.587917,383.3332622,1023.640026,273.3939378,1085.953851,927.8172367,472.0416842,530.8638471,327.1319509,523.6952579,934.6937926,867.2379848,962.4381243,612.712528,392.9659686,369.3337617
180,2016-10-14,2016-10-20,1314.386771,1094.628382,664.2520996,1068.393903,699.8274841,1431.906233,1471.632001,432.8455093,235.8703627,457.3871916,448.0158591,461.7956996,356.0577989,397.7236568,384.1458325,1025.34616,274.0345522,1087.849701,928.740095,472.6784378,531.4366642,327.3371551,524.6615946,935.5875276,868.763716,963.8214802,613.7670521,393.0307641,369.597103
181,2016-10-21,2016-10-27,1316.419488,1095.877836,665.1443912,1070.130615,700.490661,1433.738059,1474.429634,433.168848,235.9702917,457.8904852,448.7985852,462.9403786,356.4534031,398.8537726,384.9538788,1027.047519,274.6714623,1089.73952,929.6601064,473.3124758,532.0072801,327.5412163,525.6253787,936.4797774,870.2870912,965.2040765,614.8196353,393.0953698,369.8592261
182,2016-10-28,2016-11-03,1318.444873,1097.123355,666.0324463,1071.863282,701.1512346,1435.56622,1477.221732,433.4902484,236.069525,458.3909605,449.576475,464.0797753,356.8467604,399.9783357,385.7574606,1028.744138,275.304719,1091.623357,930.5772915,473.943825,532.5757138,327.7441477,526.5866284,937.3705481,871.8081215,966.5859151,615.8702881,393.1597871,370.120143
183,2016-11-04,2016-11-10,1320.46299,1098.36497,666.9163103,1073.59193,701.8092277,1437.390737,1480.008327,433.809735,236.1680726,458.888652,450.3495961,465.213951,357.2378985,401.0974157,386.5566361,1030.43605,275.9343725,1093.501259,931.4916701,474.5725116,533.1419844,327.9459625,527.5453616,938.2598461,873.3268183,967.9669979,616.9190208,393.2240169,370.3798657
184,2016-11-11,2016-11-17,1322.473903,1099.602708,667.7960283,1075.316583,702.4646628,1439.211627,1482.789452,434.127332,236.2659442,459.3835934,451.1180147,466.3429659,357.6268446,402.2110808,387.3514623,1032.123289,276.5604714,1095.373275,932.4032621,475.1985613,533.7061104,328.1466736,528.5015959,939.1476777,874.8431927,969.3473269,617.9658438,393.2880605,370.6384058
185,2016-11-18,2016-11-24,1324.477673,1100.836599,668.6716442,1077.037267,703.117562,1441.028911,1485.565137,434.4430627,236.3631492,459.8758179,451.8817955,467.466879,358.0136257,403.319398,388.141995,1033.805889,277.1830636,1097.239451,933.3120872,475.8219998,534.2681104,328.3462937,529.4553489,940.034049,876.357256,970.726904,619.010767,393.3519189,370.8957749
186,2016-11-25,2016-12-01,1326.474361,1102.066671,669.5432014,1078.754007,703.7679472,1442.842607,1488.335414,434.7569505,236.459697,460.3653579,452.6410018,468.5857485,358.3982679,404.4224329,388.9282891,1035.483882,277.802196,1099.099832,934.2181648,476.442852,534.8280024,328.5448352,530.4066377,940.9189662,877.869019,972.105731,620.0538007,393.4155932,371.1519843
187,2016-12-02,2016-12-08,1328.464029,1103.292951,670.4107426,1080.466825,704.41584,1444.652733,1491.100314,435.0690179,236.5555966,460.8522454,453.3956956,469.6996311,358.780797,405.5202499,389.7103981,1037.157302,278.4179143,1100.954465,935.1215141,477.0611426,535.3858045,328.7423104,531.3554796,941.8024355,879.3784927,973.4838097,621.0949548,393.4790846,371.4070452
188,2016-12-09,2016-12-15,1330.446735,1104.515466,671.2743099,1082.175747,705.0612617,1446.459308,1493.859869,435.3792873,236.650857,461.3365118,454.1459377,470.8085829,359.1612384,406.6129119,390.4883746,1038.82618,279.0302634,1102.803395,936.0221541,477.676896,535.9415343,328.9387312,532.3018913,942.6844629,880.885688,974.8611422,622.1342392,393.542394,371.6609688
189,2016-12-16,2016-12-22,1332.422538,1105.734245,672.1339443,1083.880796,705.7042334,1448.26235,1496.614108,435.6877806,236.7454868,461.8181878,454.8917874,471.9126587,359.5396169,407.7004809,391.2622702,1040.490547,279.6392873,1104.646666,936.9201036,478.2901361,536.4952092,329.1341095,533.2458896,943.5650544,882.3906155,976.2377302,623.1716637,393.6055226,371.9137657
190,2016-12-23,2016-12-29,1334.391497,1106.949313,672.9896867,1085.581996,706.3447756,1450.061878,1499.363061,435.9945191,236.8394946,462.2973036,455.6333031,473.0119126,359.9159568,408.7830175,392.0321354,1042.150437,280.245029,1106.484321,937.8153811,478.9008866,537.0468466,329.3284569,534.187491,944.4442161,883.893286,977.6135756,624.207238,393.6684714,372.1654468
191,2016-12-30,2017-01-05,1336.353668,1108.160698,673.8415769,1087.27937,706.982909,1451.857909,1502.106759,436.2995239,236.9328888,462.773889,456.3705416,474.1063975,360.2902821,409.8605811,392.7980198,1043.805879,280.8475307,1108.316405,938.708005,479.5091708,537.5964635,329.5217849,535.1267119,945.3219539,885.39371,978.9886802,625.2409718,393.7312415,372.4160225
192,2017-01-06,2017-01-12,1338.309109,1109.368425,674.6896543,1088.972941,707.6186537,1453.650462,1504.845231,436.6028158,237.0256776,463.2479731,457.1035589,475.1961655,360.6626164,410.9332302,393.559972,1045.456904,281.4468337,1110.14296,939.5979936,480.1150114,538.1440765,329.7141046,536.0635683,946.1982738,886.891898,980.3630459,626.2728746,393.7938339,372.6655033
193,2017-01-13,2017-01-19,1340.257874,1110.572521,675.5339575,1090.662732,708.2520297,1455.439554,1507.578506,436.904415,237.1178689,463.7195844,457.8324096,476.2812677,361.0329827,412.0010221,394.3180395,1047.103543,282.0429785,1111.964029,940.4853648,480.7184313,538.6897024,329.9054271,536.9980763,947.0731816,888.3878605,981.7366745,627.3029559,393.8562496,372.9138995
194,2017-01-20,2017-01-26,1342.20002,1111.773011,676.3745247,1092.348766,708.8830566,1457.225202,1510.306614,437.2043415,237.2094707,464.1887513,458.5571474,477.3617544,361.4014036,413.0640129,395.0722693,1048.745827,282.6360048,1113.779653,941.3701364,481.3194525,539.2333574,330.0957632,537.9302517,947.9466831,889.8816077,983.1095678,628.3312251,393.9184897,373.1612211
195,2017-01-27,2017-02-02,1344.135599,1112.969921,677.2113934,1094.031065,709.5117538,1459.007424,1513.029583,437.5026148,237.3004907,464.6555013,459.2778249,478.437675,361.7679016,414.1222578,395.8227072,1050.383783,283.2259514,1115.589873,942.252326,481.9180972,539.7750578,330.2851237,538.86011,948.8187842,891.37315,984.4817276,629.3576916,393.9805552,373.4074782
196,2017-02-03,2017-02-09,1346.064667,1114.163275,678.0446005,1095.709652,710.1381406,1460.786238,1515.747442,437.7992542,237.3909364,465.1198615,459.9944935,479.5090782,362.1324984,415.175811,396.5693981,1052.017443,283.8128566,1117.39473,943.1319511,482.5143869,540.3148194,330.4735191,539.7876668,949.6894907,892.8624975,985.8531558,630.3823645,394.0424471,373.6526804
197,2017-02-10,2017-02-16,1347.987275,1115.353099,678.8741824,1097.384548,710.7622359,1462.56166,1518.460218,438.0942785,237.4808153,465.5818587,460.7072037,480.5760116,362.4952156,416.2247257,397.3123864,1053.646836,284.3967576,1119.194265,944.0090288,483.1083429,540.852658,330.6609596,540.7129374,950.5588082,894.3496602,987.2238541,631.405253,394.1041663,373.8968375
198,2017-02-17,2017-02-23,1349.903476,1116.539417,679.7001747,1099.055775,711.3840583,1464.333707,1521.167941,438.3877064,237.5701346,466.0415191,461.4160051,481.6385222,362.8560743,417.269054,398.0517152,1055.271989,284.9776912,1120.988517,944.8835763,483.6999863,541.3885891,330.8474554,541.6359368,951.4267424,895.8346483,988.5938243,632.4263661,394.1657139,374.1399591
199,2017-02-24,2017-03-02,1351.813322,1117.722254,680.5226128,1100.723354,712.0036264,1466.102397,1523.870637,438.679556,237.6589015,466.4988685,462.1209462,482.6966561,363.2150953,418.3088472,398.7874273,1056.892931,285.5556933,1122.777525,945.7556104,484.2893378,541.9226282,331.0330165,542.5566801,952.2932991,897.3174716,989.9630682,633.445713,394.2270909,374.3820545
200,2017-03-03,2017-03-09,1353.716863,1118.901633,681.3415314,1102.387308,712.6209583,1467.867746,1526.568335,438.9698454,237.7471229,466.9539322,462.8220746,483.7504588,363.572299,419.3441557,399.5195644,1058.509692,286.1307993,1124.561329,946.6251478,484.8764179,542.4547903,331.2176529,543.475182,953.1584837,898.7981401,991.3315875,634.4633025,394.2882981,374.6231331
201,2017-03-10,2017-03-16,1355.61415,1120.077578,682.1569646,1104.047657,713.2360721,1469.62977,1529.261061,439.258592,237.8348057,467.4067352,463.519437,484.7999748,363.9277054,420.3750289,400.2481675,1060.122298,286.7030437,1126.339967,947.4922051,485.4612467,542.9850904,331.401374,544.3914571,954.0223019,900.2766634,992.6993842,635.4791434,394.3493367,374.863204
202,2017-03-17,2017-03-23,1357.505233,1121.250114,682.9689461,1105.704423,713.8489856,1471.388487,1531.948843,439.5458132,237.9219567,467.857302,464.2130792,485.8452481,364.2813343,421.4015153,400.9732769,1061.730776,287.2724605,1128.113476,948.3567985,486.0438441,543.5135434,331.5841896,545.3055201,954.8847593,901.7530514,994.0664598,636.4932446,394.4102074,375.1022762
203,2017-03-24,2017-03-30,1359.390159,1122.419262,683.777509,1107.357625,714.4597162,1473.143912,1534.631707,439.8315261,238.0085825,468.3056567,464.9030462,486.8863218,364.6332051,422.4236628,401.6949323,1063.335156,287.839083,1129.881894,949.2189444,486.6242298,544.0401638,331.7661089,546.2173851,955.7458613,903.2273136,995.4328161,637.5056147,394.4709113,375.3403586
204,2017-03-31,2017-04-06,1361.268979,1123.585046,684.5826859,1109.007285,715.0682813,1474.896061,1537.309679,440.1157473,238.0946894,468.7518229,465.5893822,487.9232384,364.9833368,423.4415182,402.4131723,1064.935462,288.402944,1131.645259,950.0786587,487.2024229,544.564966,331.9471411,547.1270665,956.6056134,904.6994596,996.7984549,638.5162625,394.5314494,375.57746
205,2017-04-07,2017-04-13,1363.141739,1124.747489,685.3845092,1110.653423,715.6746981,1476.644951,1539.982787,440.3984933,238.180284,469.1958241,466.2721303,488.9560398,365.3317482,424.4551276,403.1280354,1066.531723,288.9640755,1133.403607,950.9359572,487.7784427,545.0879643,332.1272955,548.0345782,957.464021,906.169499,998.163378,639.5251964,394.5918225,375.813589
206,2017-04-14,2017-04-20,1365.008487,1125.906613,686.1830104,1112.296059,716.2789835,1478.390598,1542.651055,440.6797802,238.2653724,469.6376831,466.951333,489.984767,365.6784577,425.4645362,403.8395589,1068.123964,289.522509,1135.156973,951.7908558,488.352308,545.6091727,332.3065808,548.9399341,958.3210896,907.6374411,999.527587,640.5324249,394.6520315,376.0487543
207,2017-04-21,2017-04-27,1366.869269,1127.062441,686.9782208,1113.935213,716.8811542,1480.133018,1545.314511,440.959624,238.3499607,470.0774225,467.6270322,491.0094605,366.0234835,426.4697887,404.5477797,1069.712212,290.0782756,1136.905394,952.6433698,488.9240372,546.1286052,332.485006,549.8431481,959.1768245,909.1032953,1000.891084,641.5379565,394.7120774,376.2829642
208,2017-04-28,2017-05-04,1368.724131,1128.214994,687.7701711,1115.570906,717.4812266,1481.872225,1547.973179,441.2380402,238.4340551,470.5150644,468.2992686,492.0301602,366.3668434,427.4709287,405.2527341,1071.296492,290.6314056,1138.648906,953.4935148,489.4936488,546.6462755,332.6625796,550.7442336,960.031231,910.5670708,1002.25387,642.5417996,394.7719611,376.5162271
209,2017-05-05,2017-05-11,1370.57312,1129.364295,688.5588918,1117.203156,718.0792172,1483.608236,1550.627084,441.5150444,238.5176613,470.9506308,468.9680826,493.0469052,366.7085549,428.4679993,405.9544576,1072.87683,291.1819288,1140.387542,954.3413058,490.0611607,547.1621971,332.8393103,551.6432041,960.8843144,912.028777,1003.615947,643.5439623,394.8316835,376.7485511
210,2017-05-12,2017-05-18,1372.416279,1130.510365,689.3444126,1118.831983,718.6751419,1485.341067,1553.276253,441.7906515,238.6007852,471.3841431,469.6335136,494.0597341,367.0486353,429.4610428,406.6529852,1074.453252,291.7298747,1142.121338,955.1867581,490.6265908,547.6763835,333.0152064,552.540073,961.7360799,913.4884229,1004.977317,644.544453,394.8912455,376.9799445
211,2017-05-19,2017-05-25,1374.253654,1131.653225,690.126763,1120.457406,719.2690168,1487.070732,1555.920709,442.0648765,238.6834325,471.8156224,470.2956003,495.068685,367.3871016,430.4501008,407.3483513,1076.025782,292.2752718,1143.850328,956.0298864,491.1899568,548.1888479,333.1902762,553.4348535,962.5865329,914.9460177,1006.337981,645.5432797,394.9506479,377.210415
212,2017-05-26,2017-06-01,1376.085288,1132.792897,690.9059722,1122.079445,719.8608575,1488.797246,1558.560478,442.337734,238.7656088,472.2450896,470.954381,496.0737952,367.7239706,431.4352142,408.0405898,1077.594445,292.8181486,1145.574545,956.8707057,491.7512759,548.6996034,333.3645279,554.3275586,963.4356785,916.4015702,1007.697942,646.5404506,395.0098916,377.4399707
213,2017-06-02,2017-06-08,1377.911224,1133.929401,691.6820686,1123.698119,720.4506796,1490.520625,1561.195584,442.6092384,238.8473196,472.6725651,471.6098929,497.0751015,368.0592586,432.4164233,408.7297339,1079.159266,293.3585329,1147.294024,957.7092305,492.3105653,549.2086629,333.5379694,555.2182013,964.2835219,917.8550895,1009.0572,647.5359738,395.0689775,377.6686194
214,2017-06-09,2017-06-15,1379.731505,1135.062758,692.4550806,1125.313445,721.0384985,1492.240885,1563.826052,442.8794038,238.9285703,473.0980691,472.2621728,498.0726403,368.3929818,433.3937675,409.4158162,1080.720269,293.8964519,1149.008796,958.5454752,492.8678418,549.7160393,333.7106088,556.1067943,965.1300681,919.3065845,1010.415758,648.529857,395.1279065,377.8963686
215,2017-06-16,2017-06-22,1381.546175,1136.192989,693.225036,1126.925444,721.6243293,1493.958038,1566.451905,443.1482443,239.0093661,473.5216215,472.9112569,499.0664471,368.7251563,434.367286,410.0988689,1082.277479,294.4319325,1150.718895,959.3794543,493.4231223,550.2217451,333.8824538,556.9933503,965.9753223,920.756064,1011.773617,649.5221083,395.1866794,378.1232261
216,2017-06-23,2017-06-29,1383.355273,1137.320114,693.9919621,1128.534132,722.2081871,1495.672101,1569.073167,443.4157736,239.0897124,473.9432418,473.5571805,500.0565572,369.0557976,435.3370169,410.7789237,1083.830918,294.9650011,1152.424353,960.211182,493.9764231,550.7257928,334.053512,557.8778819,966.8192896,922.2035366,1013.130779,650.5127355,395.2452971,378.3491992
217,2017-06-30,2017-07-06,1385.158842,1138.444153,694.755886,1130.139529,722.7900866,1497.383088,1571.689862,443.6820051,239.1696142,474.3629493,474.1999787,501.0430053,369.3849212,436.3029979,411.4560116,1085.380611,295.4956836,1154.125202,961.0406722,494.5277605,551.2281948,334.2237911,558.7604014,967.661975,923.6490112,1014.487245,651.5017463,395.3037604,378.5742954
218,2017-07-07,2017-07-13,1386.956923,1139.565126,695.5168345,1131.741652,723.3700425,1499.091014,1574.302013,443.9469522,239.2490766,474.7807628,474.8396857,502.0258253,369.7125424,437.2652663,412.1301632,1086.926581,296.0240055,1155.821474,961.8679389,495.0771506,551.7289633,334.3932985,559.6409211,968.5033834,925.0924963,1015.843017,652.4891485,395.3620701,378.798522
219,2017-07-14,2017-07-20,1388.749555,1140.683053,696.2748338,1133.34052,723.9480693,1500.795892,1576.909644,444.2106279,239.3281044,475.1967011,475.4763351,503.0050511,370.038676,438.2238584,412.8014087,1088.468851,296.5499919,1157.513199,962.6929959,495.6246092,552.2281102,334.5620416,560.5194533,969.3435199,926.5340004,1017.198097,653.4749497,395.4202271,379.0218862
220,2017-07-21,2017-07-27,1390.53678,1141.797952,697.0299098,1134.93615,724.5241813,1502.497738,1579.512777,444.4730451,239.4067027,475.6107825,476.1099601,503.9807155,370.3633369,439.1788102,413.4697776,1090.007444,297.0736674,1159.200409,963.5158569,496.1701519,552.7256477,334.7300276,561.39601,970.1823893,927.9735322,1018.552487,654.4591575,395.4782322,379.244395
221,2017-07-28,2017-08-03,1392.318635,1142.909844,697.7820882,1136.52856,725.0983927,1504.196564,1582.111436,444.7342165,239.4848761,476.0230252,476.7405933,504.9528514,370.6865395,440.1301571,414.1352991,1091.542382,297.5950563,1160.883133,964.3365353,496.7137943,553.2215873,334.8972636,562.270603,971.0199967,929.4110999,1019.906187,655.4417793,395.5360862,379.4660555
222,2017-08-04,2017-08-10,1394.095161,1144.018747,698.5313942,1138.117767,725.6707175,1505.892387,1584.705643,444.9941547,239.5626294,476.4334469,477.3682667,505.9214908,371.0082982,441.0779338,414.7980018,1093.073689,298.1141824,1162.561404,965.1550446,497.2555515,553.7159408,335.0637567,563.1432442,971.8563468,930.8467121,1021.259201,656.4228228,395.5937899,379.6868747
223,2017-08-11,2017-08-17,1395.866395,1145.124681,699.2778527,1139.703789,726.2411694,1507.585219,1587.295421,445.2528719,239.6399672,476.8420652,477.9930117,506.8866655,371.3286269,442.0221748,415.457914,1094.601385,298.6310691,1164.235249,965.971398,497.7954386,554.2087198,335.2295138,564.0139454,972.6914445,932.280377,1022.611528,657.4022953,395.651344,379.9068593
224,2017-08-18,2017-08-24,1397.632376,1146.227664,700.0214883,1141.286643,726.8097622,1509.275074,1589.880792,445.5103802,239.7168941,477.2488975,478.6148594,507.8484066,371.6475397,442.9629137,416.1150635,1096.125494,299.1457395,1165.904699,966.7856087,498.3334705,554.6999354,335.3945418,564.882718,973.5252946,933.7121028,1023.963171,658.3802041,395.7087495,380.1260162
225,2017-08-25,2017-08-31,1399.393141,1147.327714,700.7623251,1142.866345,727.3765093,1510.961966,1592.461778,445.7666916,239.7934145,477.6539607,479.2338403,508.8067449,371.9650501,443.9001837,416.7694776,1097.646036,299.6582163,1167.569784,967.5976896,498.8696619,555.1895992,335.5588473,565.7495735,974.357902,935.1418979,1025.314132,659.3565565,395.7660071,380.344352
226,2017-09-01,2017-09-07,1401.148729,1148.42485,701.5003872,1144.442913,727.9414242,1512.645909,1595.038401,446.0218178,239.8695328,478.0572717,479.8499841,509.7617108,372.2811716,444.8340176,417.4211832,1099.163034,300.1685218,1169.230532,968.4076537,499.4040272,555.677722,335.7224371,566.6145234,975.1892713,936.5697702,1026.664411,660.3313598,395.8231176,380.5618733
227,2017-09-08,2017-09-14,1402.899174,1149.51909,702.2356981,1146.016363,728.5045201,1514.326916,1597.610682,446.2757704,239.9452533,478.4588471,480.4633206,510.7133342,372.5959175,445.7644477,418.0702068,1100.676509,300.676678,1170.886971,969.2155137,499.9365809,556.1643151,335.8853176,567.4775788,976.0194073,937.9957279,1028.014011,661.3046212,395.8800817,380.7785867
228,2017-09-15,2017-09-21,1404.644514,1150.610452,702.968281,1147.586711,729.06581,1516.005001,1600.178644,446.5285608,240.0205804,478.858703,481.0738786,511.6616445,372.9093009,446.6915057,418.7165745,1102.186482,301.1827064,1172.53913,970.0212823,500.467337,556.6493892,336.0474955,568.338751,976.8483148,939.4197791,1029.362933,662.2763478,395.9369002,380.9944985
229,2017-09-22,2017-09-28,1406.384786,1151.698954,703.6981591,1149.153976,729.6253068,1517.680177,1602.742308,446.7802003,240.0955181,479.2568557,481.6816867,512.6066708,373.2213345,447.6152228,419.3603121,1103.692974,301.6866285,1174.187038,970.8249719,500.9963096,557.1329551,336.2089769,569.1980508,977.6759982,940.8419316,1030.711179,663.2465466,395.9935739,381.2096152
230,2017-09-29,2017-10-05,1408.120023,1152.784613,704.4253548,1150.718171,730.1830234,1519.352458,1605.301694,447.0306998,240.1700707,479.653321,482.2867729,513.5484418,373.5320312,448.5356299,420.0014448,1105.196005,302.1884651,1175.830721,971.626595,501.5235124,557.6150235,336.3697683,570.0554894,978.5024624,942.2621935,1032.058751,664.2152248,396.0501035,381.4239429
231,2017-10-06,2017-10-12,1409.850262,1153.867447,705.1498907,1152.279315,730.7389724,1521.021856,1607.856824,447.2800704,240.2442422,480.0481145,482.889165,514.4869858,373.8414034,449.4527573,420.6399976,1106.695596,302.6882368,1177.470208,972.4261639,502.0489592,558.0956049,336.5298757,570.9110774,979.3277119,943.6805725,1033.405649,665.1823892,396.1064898,381.637488
232,2017-10-13,2017-10-19,1411.575538,1154.947474,705.8717888,1153.837422,731.2931662,1522.688384,1610.407719,447.5283228,240.3180365,480.4412515,483.4888901,515.4223305,374.1494634,450.366635,421.2759949,1108.191768,303.1859639,1179.105525,973.2236907,502.5726633,558.5747097,336.6893054,571.7648257,980.1517513,945.0970765,1034.751875,666.1480467,396.1627336,381.8502565
233,2017-10-20,2017-10-26,1413.295884,1156.02471,706.591071,1155.392509,731.8456173,1524.352057,1612.954399,447.7754675,240.3914577,480.8327473,484.085975,516.3545035,374.4562234,451.2772924,421.9094611,1109.684541,303.6816664,1180.7367,974.0191876,503.0946381,559.0523482,336.8480633,572.6167449,980.9745852,946.5117132,1036.097431,667.1122043,396.2188355,382.0622545
234,2017-10-27,2017-11-02,1415.011335,1157.099172,707.3077586,1156.94459,732.3963378,1526.012885,1615.496886,448.0215151,240.4645095,481.2226169,484.6804461,517.2835319,374.7616954,452.1847585,422.5404198,1111.173934,304.1753639,1182.363759,974.8126665,503.6148968,559.5285307,337.0061555,573.4668454,981.796218,947.9244903,1037.442319,668.0748688,396.2747963,382.2734879
235,2017-11-03,2017-11-09,1416.721924,1158.170877,708.0218731,1158.493683,732.9453399,1527.670883,1618.035198,448.2664758,240.5371958,481.6108749,485.2723292,518.2094425,375.0658912,453.0890621,423.1688946,1112.659967,304.6670759,1183.986728,975.6041391,504.1334524,560.003267,337.1635877,574.3151377,982.6166544,949.3354155,1038.78654,669.0360468,396.3306167,382.4839628
236,2017-11-10,2017-11-16,1418.427685,1159.239842,708.7334353,1160.039802,733.4926356,1529.326063,1620.569357,448.5103597,240.6095203,481.9975359,485.86165,519.1322615,375.3688223,453.9902312,423.7949087,1114.142661,305.1568213,1185.605633,976.3936173,504.6503176,560.4765674,337.3203658,575.1616321,983.4358987,950.7444964,1040.130095,669.9957452,396.3862975,382.6936849
237,2017-11-17,2017-11-23,1420.128651,1160.306083,709.4424661,1161.582963,734.0382366,1530.978437,1623.099383,448.7531769,240.6814867,482.3826144,486.4484336,520.052015,375.6705004,454.8882938,424.4184847,1115.622033,305.6446191,1187.220501,977.1811127,505.1655053,560.9484416,337.4764954,576.0063389,984.2539554,952.1517404,1041.472987,670.9539705,396.4418394,382.9026599
238,2017-11-24,2017-11-30,1421.824854,1161.369617,710.1489857,1163.123181,734.5821547,1532.628019,1625.625295,448.9949372,240.7530987,482.7661244,487.0327048,520.9687287,375.9709367,455.7832772,425.0396452,1117.098105,306.1304877,1188.831356,977.9666369,505.6790279,561.4188993,337.6319823,576.8492682,985.0708289,953.5571551,1042.815215,671.9107294,396.4972431,383.1108937
239,2017-12-01,2017-12-07,1423.516327,1162.43046,710.8530145,1164.660471,735.1244015,1534.274819,1628.147114,449.2356504,240.8243598,483.1480799,487.614488,521.8824279,376.2701424,456.6752084,425.6584122,1118.570894,306.6144452,1190.438225,978.7502011,506.1908979,561.8879502,337.7868319,577.6904301,985.8865237,954.9607479,1044.156783,672.8660285,396.5525092,383.3183919
240,2017-12-08,2017-12-14,1425.203101,1163.488627,711.5545724,1166.194847,735.6649884,1535.918852,1630.664858,449.475326,240.8952736,483.5284946,488.1938072,522.7931377,376.5681284,457.5641142,426.2748077,1120.040419,307.0965097,1192.041131,979.5318167,506.7011275,562.355604,337.9410498,578.5298344,986.701044,956.3625262,1045.497692,673.8198742,396.6076385,383.5251599
241,2017-12-15,2017-12-21,1426.885208,1164.544135,712.2536791,1167.726325,736.2039267,1537.560128,1633.178547,449.7139734,240.9658435,483.9073822,488.7706861,523.7008825,376.8649057,458.4500207,426.8888531,1121.506699,307.5766989,1193.640101,980.311495,507.2097289,562.8218699,338.0946414,579.3674912,987.5143943,957.7624974,1046.837942,674.772273,396.6626317,383.7312034
242,2017-12-22,2017-12-28,1428.56268,1165.597,712.9503539,1169.25492,736.7412278,1539.198661,1635.6882,449.9516021,241.0360729,484.284756,489.345148,524.6056868,377.160485,459.3329539,427.5005695,1122.969753,308.0550302,1195.235158,981.089247,507.7167139,563.2867575,338.2476121,580.20341,988.3265789,959.1606686,1048.177536,675.7232313,396.7174895,383.9365278
243,2017-12-29,2018-01-04,1430.235546,1166.647236,713.6446162,1170.780646,737.2769026,1540.834462,1638.193837,450.1882211,241.1059652,484.6606292,489.9172158,525.5075747,377.4548767,460.2129394,428.109978,1124.429599,308.5315207,1196.826326,981.8650838,508.2220945,563.7502759,338.399967,581.0376007,989.137602,960.5570472,1049.516475,676.6727555,396.7722126,384.1411384
244,2018-01-05,2018-01-11,1431.903838,1167.69486,714.3364849,1172.303517,737.8109622,1542.467543,1640.695476,450.4238397,241.1755238,485.0350149,490.4869123,526.4065697,377.7480914,461.0900023,428.717099,1125.886255,309.0061874,1198.41363,982.6390163,508.7258824,564.2124342,338.5517115,581.8700728,989.9474679,961.9516404,1050.854761,677.620852,396.8268015,384.3450406
245,2018-01-12,2018-01-18,1433.567585,1168.739886,715.0259788,1173.823549,738.3434175,1544.097917,1643.193137,450.6584666,241.2447519,485.407926,491.0542597,527.3026952,378.0401393,461.9641674,429.3219529,1127.33974,309.479047,1199.997094,983.4110553,509.2280891,564.6732417,338.7028506,582.7008359,990.7561808,963.3444552,1052.192394,678.5675269,396.8812571,384.5482396
246,2018-01-19,2018-01-25,1435.226819,1169.782331,715.7131163,1175.340754,738.8742791,1545.725594,1645.686837,450.8921107,241.3136527,485.7793751,491.6192799,528.1959745,378.3310305,462.8354594,429.9245597,1128.79007,309.9501158,1201.576741,984.1812114,509.728726,565.1327071,338.8533895,583.5298993,991.563745,964.7354988,1053.529377,679.5127866,396.9355799,384.7507407
247,2018-01-26,2018-02-01,1436.881567,1170.822208,716.3979158,1176.855147,739.4035578,1547.350587,1648.176596,451.1247808,241.3822293,486.1493748,492.1819947,529.0864302,378.6207751,463.7039024,430.5249392,1130.237264,310.4194102,1203.152594,984.9494954,510.2278046,565.5908395,339.0033331,584.3572724,992.3701647,966.1247782,1054.86571,680.4566372,396.9897707,384.9525489
248,2018-02-02,2018-02-08,1438.531861,1171.859533,717.0803953,1178.366743,739.9312641,1548.972907,1650.662432,451.3564854,241.450485,486.5179373,492.7424253,529.9740849,378.9093829,464.5695201,431.1231109,1131.681339,310.886946,1204.724677,985.7159178,510.7253358,566.0476475,339.1526865,585.1829645,993.1754439,967.5123004,1056.201396,681.3990848,397.0438301,385.1536695
249,2018-02-09,2018-02-15,1440.177728,1172.89432,717.7605727,1179.875555,740.4574084,1550.592566,1653.144362,451.587233,241.5184228,486.885075,493.3005929,530.8589607,379.1968637,465.4323363,431.7190939,1133.122313,311.3527391,1206.293012,986.4804889,511.2213309,566.5031399,339.3014544,586.0069846,993.979587,968.8980723,1057.536436,682.3401356,397.0977587,385.3541073
250,2018-02-16,2018-02-22,1441.819197,1173.926584,718.4384655,1181.381597,740.982001,1552.209575,1655.622406,451.8170319,241.5860456,487.2507998,493.856518,531.7410797,379.483227,466.2923741,432.3129072,1134.560203,311.8168049,1207.857623,987.2432192,511.7158008,566.9573252,339.4496418,586.8293421,994.7825979,970.282101,1058.870831,683.2797956,397.1515573,385.5538674
251,2018-02-23,2018-03-01,1443.456298,1174.95634,719.1140914,1182.884882,741.5050521,1553.823946,1658.09658,452.0458904,241.6533567,487.6151237,494.4102213,532.6204634,379.7684824,467.1496563,432.9045695,1135.995025,312.2791587,1209.41853,988.0041189,512.2087562,567.4102121,339.5972533,587.6500457,995.5844808,971.6643931,1060.204583,684.2180708,397.2052263,385.7529546
252,2018-03-02,2018-03-08,1445.089057,1175.983602,719.7874674,1184.385424,742.0265719,1555.435691,1660.566904,452.2738166,241.7203587,487.9780583,494.9617228,533.4971333,380.0526392,468.0042057,433.4940993,1137.426797,312.7398157,1210.975758,988.7631981,512.7002078,567.8618089,339.7442937,588.4691045,996.3852397,973.0449556,1061.537692,685.1549672,397.2587666,385.951374
253,2018-03-09,2018-03-15,1446.717502,1177.008384,720.4586105,1185.883237,742.5465704,1557.044819,1663.033394,452.5008186,241.7870548,488.3396152,495.5110424,534.3711104,380.3357067,468.8560445,434.0815146,1138.855536,313.1987907,1212.529328,989.520467,513.1901663,568.312124,339.8907676,589.2865274,997.1848787,974.4237952,1062.870161,686.0904907,397.3121787,386.1491301
254,2018-03-16,2018-03-22,1448.341662,1178.0307,721.1275377,1187.378334,743.0650574,1558.651343,1665.496067,452.7269042,241.8534477,488.6998059,496.0581997,535.2424157,380.617694,469.7051947,434.6668335,1140.281258,313.6560983,1214.079261,990.2759355,513.6786421,568.7611656,340.0366797,590.102323,997.9834019,975.8009186,1064.201991,687.0246471,397.3654632,386.3462279
255,2018-03-23,2018-03-29,1449.961564,1179.050564,721.7942655,1188.870727,743.5820428,1560.255273,1667.954943,452.9520813,241.9195403,489.0586417,496.603214,536.1110697,380.8986101,470.5516781,435.2500737,1141.70398,314.1117532,1215.625579,991.0296136,514.1656455,569.2089419,340.1820344,590.9165002,998.7808131,977.1763325,1065.533184,687.9574424,397.4186208,386.5426719
256,2018-03-30,2018-04-05,1451.577234,1180.06799,722.4588103,1190.360431,744.0975363,1561.856621,1670.410037,453.1763576,241.9853353,489.4161336,497.1461043,536.9770927,381.1784638,471.3955162,435.8312526,1143.123717,314.5657695,1217.168303,991.781511,514.6511868,569.655461,340.3268363,591.7290674,999.5771164,978.5500435,1066.86374,688.8888823,397.4716521,386.7384669
257,2018-04-06,2018-04-12,1453.188699,1181.082992,723.1211885,1191.847459,744.6115475,1563.455398,1672.861367,453.3997408,242.0508355,489.7722927,497.6868894,537.8405049,381.457264,472.23673,436.4103874,1144.540486,315.0181613,1218.707456,992.5316375,515.135276,570.100731,340.4710897,592.5400334,1000.372316,979.9220583,1068.193661,689.8189726,397.5245576,386.9336175
258,2018-04-13,2018-04-19,1454.795986,1182.095584,723.7814159,1193.331822,745.1240859,1565.051614,1675.308949,453.6222383,242.1160436,490.1271298,498.2255879,538.7013261,381.7350193,473.0753405,436.9874953,1145.954304,315.4689425,1220.243057,993.2800027,515.6179232,570.5447597,340.614799,593.3494065,1001.166415,981.2923834,1069.522948,690.747719,397.5773381,387.1281282
259,2018-04-20,2018-04-26,1456.399121,1183.105778,724.4395086,1194.813535,745.6351609,1566.64528,1677.752802,453.8438575,242.1809623,490.4806557,498.762218,539.5595759,382.0117383,473.9113684,437.5625929,1147.365186,315.9181269,1221.775128,994.0266162,516.0991384,570.9875551,340.7579686,594.1571952,1001.959418,982.6610252,1070.851604,691.6751271,397.6299942,387.3220035
260,2018-04-27,2018-05-03,1457.998129,1184.113588,725.0954821,1196.292609,746.1447818,1568.236407,1680.192941,454.0646059,242.2455943,490.832881,499.2967978,540.4152737,382.2874295,474.744834,438.1356968,1148.773147,316.3657279,1223.303689,994.7714875,516.5789312,571.4291248,340.9006027,594.9634078,1002.751329,984.0279903,1072.179629,692.6012027,397.6825263,387.5152478
261,2018-05-04,2018-05-10,1459.593037,1185.119027,725.749352,1197.769058,746.6529579,1569.825005,1682.629383,454.2844906,242.309942,491.183816,499.829345,541.2684386,382.562101,475.5757574,438.7068234,1150.178204,316.8117589,1224.82876,995.5146261,517.0573114,571.8694767,341.0427055,595.7680526,1003.542152,985.3932851,1073.507024,693.5259513,397.7349352,387.7078656
262,2018-05-11,2018-05-17,1461.18387,1186.122109,726.4011336,1199.242893,747.1596984,1571.411086,1685.062144,454.5035188,242.3740081,491.5334712,500.3598771,542.1190895,382.8357613,476.4041586,439.2759889,1151.580371,317.256233,1226.350362,996.2560411,517.5342886,572.3086183,341.1842811,596.5711376,1004.33189,986.756916,1074.833792,694.4493784,397.7872214,387.8998613
263,2018-05-18,2018-05-24,1462.770653,1187.122847,727.0508421,1200.714128,747.6650123,1572.994659,1687.491242,454.7216976,242.4377951,491.8818568,500.8884115,542.9672451,383.1084184,477.230057,439.8432092,1152.979665,317.6991632,1227.868515,996.995742,518.0098722,572.7465572,341.3253338,597.3726712,1005.120547,988.1188892,1076.159933,695.3714896,397.8393855,388.091239
264,2018-05-25,2018-05-31,1464.353412,1188.121253,727.6984924,1202.182775,748.1689085,1574.575735,1689.916692,454.9390338,242.5013055,492.2289828,501.4149652,543.8129239,383.3800804,478.053472,440.4085,1154.3761,318.1405624,1229.383238,997.7337378,518.4840717,573.1833009,341.4658675,598.1726613,1005.908128,989.4792112,1077.485448,696.2922904,397.891428,388.2820032
265,2018-06-01,2018-06-07,1465.932169,1189.11734,728.3440993,1203.648845,748.6713959,1576.154324,1692.338511,455.1555344,242.5645418,492.5748591,501.9395552,544.6561441,383.6507552,478.8744229,440.9718768,1155.769692,318.5804433,1230.894552,998.4700376,518.9568964,573.6188568,341.6058862,598.9711159,1006.694635,990.8378881,1078.81034,697.2117862,397.9433497,388.472158
266,2018-06-08,2018-06-14,1467.506951,1190.111121,728.9876776,1205.112351,749.1724834,1577.730438,1694.756714,455.3712062,242.6275064,492.9194956,502.4621979,545.4969238,383.9204506,479.6929285,441.533355,1157.160455,319.0188182,1232.402475,999.2046505,519.4283553,574.0532322,341.7453941,599.768043,1007.480073,992.1949263,1080.13461,698.1299825,397.995151,388.6617075
267,2018-06-15,2018-06-21,1469.077781,1191.102608,729.6292416,1206.573306,749.6721796,1579.304085,1697.171318,455.5860559,242.6902016,493.2629021,502.9829098,546.3352807,384.1891744,480.5090074,442.0929497,1158.548405,319.4556995,1233.907027,999.9375854,519.8984577,574.4864344,341.8843948,600.5634503,1008.264445,993.5503318,1081.458258,699.0468845,398.0468325,388.850656
268,2018-06-22,2018-06-28,1470.644684,1192.091815,730.2688058,1208.03172,750.1704931,1580.875276,1699.582337,455.8000901,242.7526299,493.6050881,503.5017072,547.1712324,384.4569343,481.3226781,442.6506759,1159.933556,319.8910994,1235.408228,1000.668851,520.3672125,574.9184706,342.0228924,601.3573457,1009.047756,994.9041108,1082.781286,699.9624977,398.0983948,389.0390076
269,2018-06-29,2018-07-05,1472.207683,1193.078752,730.9063842,1209.487607,750.6674326,1582.444021,1701.989789,456.0133154,242.8147935,493.946063,504.0186059,548.0047965,384.7237377,482.1339588,443.2065484,1161.315922,320.3250298,1236.906095,1001.398457,520.8346287,575.3493479,342.1608907,602.1497368,1009.830008,996.2562694,1084.103696,700.8768272,398.1498385,389.2267661
270,2018-07-06,2018-07-12,1473.766801,1194.063433,731.5419909,1210.940977,751.1630064,1584.01033,1704.393688,456.2257382,242.8766948,494.2858364,504.5336218,548.83599,384.9895922,482.9428675,443.7605816,1162.695519,320.7575028,1238.400649,1002.126411,521.300715,575.7790734,342.2983934,602.9406315,1010.611205,997.6068137,1085.425488,701.7898785,398.2011641,389.4139358
271,2018-07-13,2018-07-19,1475.322062,1195.04587,732.1756397,1212.391842,751.6572229,1585.574213,1706.79405,456.4373649,242.9383361,494.6244173,505.0467704,549.6648299,385.2545051,483.7494219,444.3127902,1164.07236,321.1885298,1239.891907,1002.852721,521.7654801,576.2076541,342.4354043,603.7300371,1011.391352,998.9557498,1086.746665,702.7016567,398.2523721,389.6005205
272,2018-07-20,2018-07-26,1476.873489,1196.026074,732.8073444,1213.840214,752.1500905,1587.135681,1709.19089,456.6482018,242.9997195,494.9618151,505.5580671,550.4913332,385.5184837,484.5536396,444.8631881,1165.446459,321.6181226,1241.379887,1003.577398,522.2289328,576.6350968,342.5719272,604.5179614,1012.170451,1000.303084,1088.067227,703.612167,398.3034632,389.7865241
273,2018-07-27,2018-08-02,1478.421105,1197.004058,733.4371185,1215.286105,752.6416173,1588.694742,1711.584224,456.8582552,243.0608474,495.2980386,506.067527,551.3155163,385.7815352,485.3555379,445.4117896,1166.817832,322.0462925,1242.864609,1004.300449,522.6910815,577.0614086,342.7079655,605.3044116,1012.948507,1001.648821,1089.387177,704.5214145,398.3544378,389.9719506
274,2018-08-03,2018-08-09,1479.964932,1197.979834,734.0649753,1216.729526,753.1318116,1590.251407,1713.974067,457.0675312,243.1217218,495.6330969,506.5751652,552.1373958,386.0436668,486.1551341,445.9586085,1168.186491,322.4730507,1244.346091,1005.021882,523.1519348,577.4865961,342.8435231,606.0893954,1013.725522,1002.992968,1090.706514,705.4294044,398.4052965,390.1568038
275,2018-08-10,2018-08-16,1481.504994,1198.953412,734.6909283,1218.170488,753.6206813,1591.805684,1716.360433,457.2760359,243.182345,495.9669988,507.0809964,552.9569878,386.3048854,486.9524449,446.5036585,1169.552451,322.8984085,1245.824349,1005.741706,523.6115009,577.9106661,342.9786034,606.8729199,1014.501501,1004.33553,1092.02524,706.3361418,398.4560399,390.3410874
276,2018-08-17,2018-08-23,1483.041311,1199.924806,735.3149904,1219.609003,754.1082344,1593.357585,1718.743337,457.4837754,243.242719,496.2997529,507.5850353,553.7743085,386.565198,487.7474872,447.0469532,1170.915725,323.3223767,1247.299403,1006.45993,524.0697882,578.3336253,343.1132099,607.6549925,1015.276447,1005.676514,1093.343358,707.2416317,398.5066685,390.5248053
277,2018-08-24,2018-08-30,1484.573906,1200.894025,735.9371746,1221.045081,754.5944789,1594.907118,1721.122795,457.6907554,243.302846,496.631368,508.0872962,554.5893737,386.8246115,488.5402775,447.5885059,1172.276327,323.7449664,1248.771269,1007.176561,524.5268049,578.7554803,343.2473463,608.4356204,1016.050364,1007.015925,1094.660867,708.1458791,398.5571828,390.7079612
278,2018-08-31,2018-09-06,1486.102802,1201.861083,736.5574939,1222.478734,755.0794227,1596.454293,1723.498822,457.896982,243.362728,496.9618525,508.5877933,555.4021991,387.0831326,489.3308321,448.1283298,1173.634271,324.166188,1250.239965,1007.891607,524.9825591,579.1762376,343.3810158,609.2148109,1016.823255,1008.353768,1095.97777,709.0488891,398.6075833,390.8905587
279,2018-09-07,2018-09-13,1487.628019,1202.82599,737.1759609,1223.909972,755.5630734,1597.99912,1725.87143,458.1024609,243.4223672,497.2912149,509.0865409,556.2128002,387.3407681,490.1191672,448.6664381,1174.98957,324.5860524,1251.705509,1008.605078,525.4370588,579.5959037,343.5142221,609.9925709,1017.595123,1009.690051,1097.294067,709.9506665,398.6578707,391.0726016
280,2018-09-14,2018-09-20,1489.149578,1203.788757,737.7925882,1225.338808,756.0454388,1599.541607,1728.240636,458.3071979,243.4817654,497.6194635,509.5835526,557.0211924,387.5975246,490.9052988,449.2028436,1176.342237,325.0045698,1253.167917,1009.31698,525.8903121,580.0144851,343.6469683,610.7689076,1018.365973,1011.024777,1098.60976,710.8512163,398.7080453,391.2540933
281,2018-09-21,2018-09-27,1490.667502,1204.749396,738.4073881,1226.765251,756.5265265,1601.081764,1730.606454,458.5111986,243.5409247,497.9466066,510.0788423,557.8273909,387.8534087,491.6892426,449.7375591,1177.692286,325.4217507,1254.627207,1010.027322,526.3423268,580.4319881,343.7792579,611.5438279,1019.135806,1012.357954,1099.92485,711.7505434,398.7581077,391.4350376
282,2018-09-28,2018-10-04,1492.181811,1205.707917,739.0203731,1228.189312,757.0063441,1602.619601,1732.968897,458.7144686,243.5998471,498.2726522,510.5724236,558.6314107,388.1084268,492.4710143,450.2705972,1179.039729,325.8376053,1256.083396,1010.736112,526.7931106,580.848419,343.9110942,612.3173389,1019.904628,1013.689586,1101.239339,712.6486526,398.8080585,391.615438
283,2018-10-05,2018-10-11,1493.692526,1206.664332,739.6315553,1229.611002,757.484899,1604.155126,1735.327981,458.9170135,243.6585345,498.5976084,511.0643096,559.4332667,388.3625853,493.2506292,450.8019703,1180.38458,326.2521436,1257.536499,1011.443357,527.2426714,581.2637841,344.0424805,613.0894473,1020.672441,1015.019679,1102.553227,713.5455488,398.8578981,391.7952979
284,2018-10-12,2018-10-18,1495.199668,1207.618652,740.2409467,1231.030332,757.9621987,1605.688349,1737.683718,459.1188388,243.7169889,498.9214833,511.5545138,560.2329735,388.6158906,494.0281027,451.3316908,1181.726852,326.6653756,1258.986535,1012.149066,527.6910168,581.6780896,344.1734199,613.86016,1021.439249,1016.348239,1103.866516,714.4412367,398.9076271,391.9746209
285,2018-10-19,2018-10-25,1496.703256,1208.570887,740.8485593,1232.447312,758.4382506,1607.219278,1740.036124,459.3199497,243.7752121,499.2442846,512.0430491,561.0305456,388.8683489,494.8034497,451.8597708,1183.066557,327.0773111,1260.433519,1012.853246,528.1381544,582.0913417,344.3039156,614.6294839,1022.205055,1017.675272,1105.179208,715.3357212,398.9572459,392.1534103
286,2018-10-26,2018-11-01,1498.203312,1209.521048,741.4544049,1233.861953,758.9130618,1608.747923,1742.385211,459.5203518,243.833206,499.5660201,512.5299285,561.8259976,389.1199664,495.5766853,452.3862224,1184.403708,327.4879599,1261.877468,1013.555904,528.5840916,582.5035463,344.433971,615.3974256,1022.969863,1019.000782,1106.491303,716.2290068,399.0067551,392.3316696
287,2018-11-02,2018-11-08,1499.699855,1210.469146,742.0584951,1235.274264,759.3866397,1610.274293,1744.730995,459.7200502,243.8909725,499.8866975,513.0151647,562.6193435,389.3707493,496.3478241,452.9110575,1185.738318,327.8973316,1263.318397,1014.257049,529.0288359,582.9147096,344.5635889,616.1639917,1023.733675,1020.324775,1107.802803,717.1210984,399.0561551,392.5094022
288,2018-11-09,2018-11-15,1501.192906,1211.415191,742.6608415,1236.684257,759.8589913,1611.798397,1747.073488,459.9190502,243.9485134,500.2063245,513.4987703,563.4105974,389.6207035,497.1168806,453.4342877,1187.070398,328.3054356,1264.756323,1014.956688,529.4723947,583.3248375,344.6927727,616.929189,1024.496496,1021.647257,1109.113708,718.0120006,399.1054465,392.6866114
289,2018-11-16,2018-11-22,1502.682483,1212.359194,743.2614556,1238.091941,760.3301239,1613.320243,1749.412704,460.1173571,244.0058305,500.5249086,513.9807577,564.1997733,389.8698351,497.8838694,453.9559248,1188.399962,328.7122815,1266.191262,1015.654828,529.9147753,583.733936,344.8215252,617.693024,1025.258328,1022.968233,1110.424021,718.901718,399.1546297,392.8633004
290,2018-11-23,2018-11-29,1504.168607,1213.301165,743.8603486,1239.497327,760.8000443,1614.839841,1751.748657,460.3149757,244.0629257,500.8424572,514.4611393,564.9868849,390.11815,498.6488047,454.4759802,1189.727022,329.1178784,1267.623229,1016.351477,530.3559848,584.1420109,344.9498496,618.4555032,1026.019175,1024.287709,1111.733742,719.7902553,399.2037052,393.0394727
291,2018-11-30,2018-12-06,1505.651297,1214.241114,744.4575318,1240.900425,761.2687596,1616.357198,1754.08136,460.5119113,244.1198005,501.1589776,514.9399271,565.7719459,390.3656541,499.4117005,454.9944653,1191.05159,329.5222355,1269.05224,1017.046643,530.7960304,584.549068,345.0777489,619.2166331,1026.77904,1025.605689,1113.042873,720.677617,399.2526735,393.2151314
292,2018-12-07,2018-12-13,1507.130572,1215.179052,745.0530163,1242.301245,761.7362767,1617.872324,1756.410826,460.7081689,244.1764569,501.4744772,515.4171332,566.5549697,390.6123531,500.1725708,455.5113912,1192.373678,329.9253618,1270.47831,1017.740331,531.2349192,584.9551131,345.2052259,619.97642,1027.537926,1026.922179,1114.351415,721.5638077,399.3015352,393.3902797
293,2018-12-14,2018-12-20,1508.606451,1216.114989,745.646813,1243.699796,762.2026023,1619.385228,1758.737069,460.9037533,244.2328965,501.7889631,515.8927695,567.3359697,390.8582527,500.9314294,456.0267692,1193.693298,330.3272665,1271.901456,1018.432551,531.6726583,585.3601519,345.3322837,620.7348705,1028.295836,1028.237185,1115.659369,722.4488318,399.3502905,393.5649209
294,2018-12-21,2018-12-27,1510.078952,1217.048934,746.2389329,1245.096089,762.6677434,1620.895918,1761.060102,461.0986694,244.289121,502.1024425,516.3668476,568.1149591,391.1033586,501.6882899,456.5406101,1195.010462,330.7279582,1273.321691,1019.123308,532.1092545,585.7641901,345.4589251,621.4919907,1029.052775,1029.550711,1116.966736,723.332694,399.3989401,393.739058
295,2018-12-28,2019-01-03,1511.548096,1217.980899,746.8293867,1246.490133,763.1317066,1622.404402,1763.379937,461.2929222,244.3451321,502.4149223,516.8393792,568.8919509,391.3476765,502.4431658,457.0529249,1196.325182,331.1274457,1274.739032,1019.812611,532.5447147,586.1672333,345.585153,622.2477869,1029.808744,1030.862763,1118.273518,724.2153985,399.4474845,393.9126942
,2019-01-04,2019-01-10
,2019-01-11,2019-01-17
,2019-01-18,2019-01-24
,2019-01-25,2019-01-31
,2019-02-01,2019-02-07
,2019-02-08,2019-02-14
,2019-02-15,2019-02-21
,2019-02-22,2019-02-28
,2019-03-01,2019-03-07
,2019-03-08,2019-03-14
,2019-03-15,2019-03-21
,2019-03-22,2019-03-28
,2019-03-29,2019-04-04
,2019-04-05,2019-04-11
,2019-04-12,2019-04-18
,2019-04-19,2019-04-25
,2019-04-26,2019-05-02
,2019-05-03,2019-05-09
,2019-05-10,2019-05-16
,2019-05-17,2019-05-23
,2019-05-24,2019-05-30
